Name,Code,Code description,Easting,Northing,Elevation,Description,Longitude,Latitude,Ellipsoidal height,Origin,Tilt angle,Easting RMS,Northing RMS,Elevation RMS,Lateral RMS,Antenna height,Antenna height units,Solution status,Correction type,Averaging start,Averaging end,Samples,PDOP,GDOP,Base easting,Base northing,Base elevation,Base longitude,Base latitude,Base ellipsoidal height,Baseline,Mount point,CS name,GPS Satellites,GLONASS Satellites,Galileo Satellites,BeiDou Satellites,QZSS Satellites,Device type,Device serial number,Author
1,,,551821.843,6824347.188,249.690,,9.97504462,61.54917528,249.690,Global,"11,8",0.020,0.020,0.025,0.029,1.895,m,FIX,RTK,2026-07-04 15:57:12.6 UTC+02:00,2026-07-04 15:57:12.6 UTC+02:00,1,1.5,1.7,551823.716,6824349.638,252.937,9.97508054,61.54919701,252.937,3.367,CPOSRTCM32,ETRS89 / UTM zone 32N,4,6,7,0,0,Reach RS4,824337343DD29B56,Edward Forbes e.r.forbes@icloud.com
2,,,551821.804,6824346.862,249.668,,9.97504378,61.54917235,249.668,Global,"20,1",0.017,0.017,0.022,0.023,1.895,m,FIX,RTK,2026-07-04 15:57:15.2 UTC+02:00,2026-07-04 15:57:15.2 UTC+02:00,1,1.5,1.7,551823.716,6824349.638,252.937,9.97508054,61.54919701,252.937,3.237,CPOSRTCM32,ETRS89 / UTM zone 32N,4,6,7,0,0,Reach RS4,824337343DD29B56,Edward Forbes e.r.forbes@icloud.com
3,,,551821.921,6824347.772,249.775,,9.97504623,61.54918051,249.775,Global,"21,3",0.015,0.015,0.022,0.021,1.895,m,FIX,RTK,2026-07-04 15:57:24.6 UTC+02:00,2026-07-04 15:57:24.6 UTC+02:00,1,1.5,1.8,551823.716,6824349.638,252.937,9.97508054,61.54919701,252.937,3.306,CPOSRTCM32,ETRS89 / UTM zone 32N,5,6,7,0,0,Reach RS4,824337343DD29B56,Edward Forbes e.r.forbes@icloud.com
4,,,551821.990,6824347.972,249.830,,9.97504760,61.54918229,249.830,Global,"25,7",0.015,0.015,0.023,0.021,1.895,m,FIX,RTK,2026-07-04 15:57:28.4 UTC+02:00,2026-07-04 15:57:28.4 UTC+02:00,1,1.5,1.8,551823.716,6824349.638,252.937,9.97508054,61.54919701,252.937,3.306,CPOSRTCM32,ETRS89 / UTM zone 32N,5,6,7,0,0,Reach RS4,824337343DD29B56,Edward Forbes e.r.forbes@icloud.com
5,,,551822.113,6824348.000,249.826,,9.97504992,61.54918252,249.826,Global,"29,5",0.017,0.017,0.026,0.024,1.895,m,FIX,RTK,2026-07-04 15:57:30.8 UTC+02:00,2026-07-04 15:57:30.8 UTC+02:00,1,1.5,1.8,551823.716,6824349.638,252.937,9.97508054,61.54919701,252.937,3.287,CPOSRTCM32,ETRS89 / UTM zone 32N,5,6,7,0,0,Reach RS4,824337343DD29B56,Edward Forbes e.r.forbes@icloud.com
6,,,551822.370,6824348.167,249.861,,9.97505479,61.54918400,249.861,Global,"32,4",0.016,0.016,0.027,0.023,1.895,m,FIX,RTK,2026-07-04 15:57:35.2 UTC+02:00,2026-07-04 15:57:35.2 UTC+02:00,1,1.5,1.8,551823.716,6824349.638,252.937,9.97508054,61.54919701,252.937,3.182,CPOSRTCM32,ETRS89 / UTM zone 32N,5,6,7,0,0,Reach RS4,824337343DD29B56,Edward Forbes e.r.forbes@icloud.com
7,,,551822.439,6824348.106,249.866,,9.97505607,61.54918344,249.866,Global,"32,0",0.015,0.015,0.026,0.022,1.895,m,FIX,RTK,2026-07-04 15:57:37.4 UTC+02:00,2026-07-04 15:57:37.4 UTC+02:00,1,1.5,1.8,551823.716,6824349.638,252.937,9.97508054,61.54919701,252.937,3.237,CPOSRTCM32,ETRS89 / UTM zone 32N,5,6,7,0,0,Reach RS4,824337343DD29B56,Edward Forbes e.r.forbes@icloud.com
8,,,551822.629,6824348.375,249.897,,9.97505973,61.54918582,249.897,Global,"29,7",0.022,0.022,0.030,0.030,1.895,m,FIX,RTK,2026-07-04 15:57:40.8 UTC+02:00,2026-07-04 15:57:40.8 UTC+02:00,1,1.5,1.8,551823.716,6824349.638,252.937,9.97508054,61.54919701,252.937,2.921,CPOSRTCM32,ETRS89 / UTM zone 32N,5,6,7,0,0,Reach RS4,824337343DD29B56,Edward Forbes e.r.forbes@icloud.com
9,,,551822.177,6824348.469,249.908,,9.97505125,61.54918673,249.908,Global,"23,3",0.015,0.015,0.020,0.022,1.895,m,FIX,RTK,2026-07-04 15:57:43.8 UTC+02:00,2026-07-04 15:57:43.8 UTC+02:00,1,1.5,1.8,551823.716,6824349.638,252.937,9.97508054,61.54919701,252.937,2.536,CPOSRTCM32,ETRS89 / UTM zone 32N,5,6,7,0,0,Reach RS4,824337343DD29B56,Edward Forbes e.r.forbes@icloud.com
10,,,551821.988,6824348.378,249.886,,9.97504766,61.54918594,249.886,Global,"27,1",0.015,0.015,0.023,0.021,1.895,m,FIX,RTK,2026-07-04 15:57:48.4 UTC+02:00,2026-07-04 15:57:48.4 UTC+02:00,1,1.5,1.8,551823.716,6824349.638,252.937,9.97508054,61.54919701,252.937,2.638,CPOSRTCM32,ETRS89 / UTM zone 32N,4,6,7,0,0,Reach RS4,824337343DD29B56,Edward Forbes e.r.forbes@icloud.com
11,,,551821.600,6824348.549,249.917,,9.97504041,61.54918752,249.917,Global,"29,8",0.015,0.015,0.021,0.022,1.895,m,FIX,RTK,2026-07-04 15:57:55.0 UTC+02:00,2026-07-04 15:57:55.0 UTC+02:00,1,1.5,1.8,551823.716,6824349.638,252.937,9.97508054,61.54919701,252.937,2.880,CPOSRTCM32,ETRS89 / UTM zone 32N,4,6,7,0,0,Reach RS4,824337343DD29B56,Edward Forbes e.r.forbes@icloud.com
12,,,551821.936,6824348.845,249.982,,9.97504683,61.54919013,249.982,Global,"35,6",0.016,0.016,0.026,0.023,1.895,m,FIX,RTK,2026-07-04 15:57:57.6 UTC+02:00,2026-07-04 15:57:57.6 UTC+02:00,1,1.5,1.8,551823.716,6824349.638,252.937,9.97508054,61.54919701,252.937,2.923,CPOSRTCM32,ETRS89 / UTM zone 32N,4,6,7,0,0,Reach RS4,824337343DD29B56,Edward Forbes e.r.forbes@icloud.com
13,,,551821.326,6824348.509,249.919,,9.97503525,61.54918720,249.919,Global,"27,5",0.016,0.016,0.024,0.023,1.895,m,FIX,RTK,2026-07-04 15:58:01.4 UTC+02:00,2026-07-04 15:58:01.4 UTC+02:00,1,1.5,1.8,551823.716,6824349.638,252.937,9.97508054,61.54919701,252.937,3.031,CPOSRTCM32,ETRS89 / UTM zone 32N,4,6,7,0,0,Reach RS4,824337343DD29B56,Edward Forbes e.r.forbes@icloud.com
14,,,551821.465,6824347.215,249.680,,9.97503751,61.54917557,249.680,Global,"10,4",0.013,0.013,0.017,0.019,1.895,m,FIX,RTK,2026-07-04 15:58:06.6 UTC+02:00,2026-07-04 15:58:06.6 UTC+02:00,1,1.3,1.6,551823.716,6824349.638,252.937,9.97508054,61.54919701,252.937,3.278,CPOSRTCM32,ETRS89 / UTM zone 32N,4,6,8,0,0,Reach RS4,824337343DD29B56,Edward Forbes e.r.forbes@icloud.com
15,,,551820.930,6824347.347,249.707,,9.97502749,61.54917683,249.707,Global,"18,6",0.014,0.014,0.019,0.020,1.895,m,FIX,RTK,2026-07-04 15:58:09.4 UTC+02:00,2026-07-04 15:58:09.4 UTC+02:00,1,1.3,1.6,551823.716,6824349.638,252.937,9.97508054,61.54919701,252.937,3.511,CPOSRTCM32,ETRS89 / UTM zone 32N,4,6,8,0,0,Reach RS4,824337343DD29B56,Edward Forbes e.r.forbes@icloud.com
16,,,551820.727,6824348.300,249.829,,9.97502392,61.54918541,249.829,Global,"11,7",0.013,0.013,0.016,0.018,1.895,m,FIX,RTK,2026-07-04 15:58:17.4 UTC+02:00,2026-07-04 15:58:17.4 UTC+02:00,1,1.3,1.6,551823.716,6824349.638,252.937,9.97508054,61.54919701,252.937,3.621,CPOSRTCM32,ETRS89 / UTM zone 32N,4,6,8,0,0,Reach RS4,824337343DD29B56,Edward Forbes e.r.forbes@icloud.com
17,,,551820.696,6824348.672,249.917,,9.97502346,61.54918875,249.917,Global,"21,4",0.020,0.020,0.026,0.028,1.895,m,FIX,RTK,2026-07-04 15:58:22.0 UTC+02:00,2026-07-04 15:58:22.0 UTC+02:00,1,1.4,1.7,551823.716,6824349.638,252.937,9.97508054,61.54919701,252.937,3.605,CPOSRTCM32,ETRS89 / UTM zone 32N,4,6,8,0,0,Reach RS4,824337343DD29B56,Edward Forbes e.r.forbes@icloud.com
18,,,551820.759,6824348.703,249.930,,9.97502464,61.54918902,249.930,Global,"23,2",0.014,0.014,0.022,0.020,1.895,m,FIX,RTK,2026-07-04 15:58:25.0 UTC+02:00,2026-07-04 15:58:25.0 UTC+02:00,1,1.4,1.7,551823.716,6824349.638,252.937,9.97508054,61.54919701,252.937,3.577,CPOSRTCM32,ETRS89 / UTM zone 32N,4,6,8,0,0,Reach RS4,824337343DD29B56,Edward Forbes e.r.forbes@icloud.com
19,,,551820.888,6824348.744,249.953,,9.97502708,61.54918937,249.953,Global,"26,1",0.016,0.016,0.022,0.023,1.895,m,FIX,RTK,2026-07-04 15:58:27.0 UTC+02:00,2026-07-04 15:58:27.0 UTC+02:00,1,1.4,1.7,551823.716,6824349.638,252.937,9.97508054,61.54919701,252.937,3.601,CPOSRTCM32,ETRS89 / UTM zone 32N,4,6,8,0,0,Reach RS4,824337343DD29B56,Edward Forbes e.r.forbes@icloud.com
20,,,551820.350,6824348.540,249.884,,9.97501691,61.54918761,249.884,Global,"21,5",0.014,0.014,0.021,0.020,1.895,m,FIX,RTK,2026-07-04 15:58:31.2 UTC+02:00,2026-07-04 15:58:31.2 UTC+02:00,1,1.4,1.7,551823.716,6824349.638,252.937,9.97508054,61.54919701,252.937,3.671,CPOSRTCM32,ETRS89 / UTM zone 32N,4,6,8,0,0,Reach RS4,824337343DD29B56,Edward Forbes e.r.forbes@icloud.com
21,,,551820.286,6824348.521,249.879,,9.97501569,61.54918745,249.879,Global,"22,6",0.014,0.014,0.020,0.020,1.895,m,FIX,RTK,2026-07-04 15:58:33.8 UTC+02:00,2026-07-04 15:58:33.8 UTC+02:00,1,1.4,1.7,551823.716,6824349.638,252.937,9.97508054,61.54919701,252.937,3.697,CPOSRTCM32,ETRS89 / UTM zone 32N,4,6,8,0,0,Reach RS4,824337343DD29B56,Edward Forbes e.r.forbes@icloud.com
22,,,551820.528,6824348.205,249.833,,9.97502016,61.54918458,249.833,Global,"18,4",0.014,0.014,0.016,0.019,1.895,m,FIX,RTK,2026-07-04 15:58:39.6 UTC+02:00,2026-07-04 15:58:39.6 UTC+02:00,1,1.4,1.7,551823.716,6824349.638,252.937,9.97508054,61.54919701,252.937,3.695,CPOSRTCM32,ETRS89 / UTM zone 32N,4,6,8,0,0,Reach RS4,824337343DD29B56,Edward Forbes e.r.forbes@icloud.com
23,,,551820.042,6824347.284,249.661,,9.97501076,61.54917638,249.661,Global,"17,0",0.015,0.015,0.016,0.021,1.895,m,FIX,RTK,2026-07-04 15:58:44.8 UTC+02:00,2026-07-04 15:58:44.8 UTC+02:00,1,1.3,1.6,551823.716,6824349.638,252.937,9.97508054,61.54919701,252.937,4.195,CPOSRTCM32,ETRS89 / UTM zone 32N,4,6,8,0,0,Reach RS4,824337343DD29B56,Edward Forbes e.r.forbes@icloud.com
24,,,551819.053,6824348.543,249.905,,9.97499251,61.54918781,249.905,Global,"29,3",0.016,0.016,0.021,0.023,1.895,m,FIX,RTK,2026-07-04 15:59:01.2 UTC+02:00,2026-07-04 15:59:01.2 UTC+02:00,1,1.4,1.7,551823.716,6824349.638,252.937,9.97508054,61.54919701,252.937,5.069,CPOSRTCM32,ETRS89 / UTM zone 32N,5,6,8,0,0,Reach RS4,824337343DD29B56,Edward Forbes e.r.forbes@icloud.com
25,,,551816.259,6824347.220,249.669,,9.97493957,61.54917631,249.669,Global,"11,3",0.013,0.013,0.015,0.019,1.895,m,FIX,RTK,2026-07-04 15:59:29.2 UTC+02:00,2026-07-04 15:59:29.2 UTC+02:00,1,1.4,1.7,551823.716,6824349.638,252.937,9.97508054,61.54919701,252.937,7.622,CPOSRTCM32,ETRS89 / UTM zone 32N,5,6,8,0,0,Reach RS4,824337343DD29B56,Edward Forbes e.r.forbes@icloud.com
26,,,551816.105,6824348.995,249.983,,9.97493717,61.54919226,249.983,Global,"5,3",0.012,0.012,0.013,0.017,1.895,m,FIX,RTK,2026-07-04 15:59:55.0 UTC+02:00,2026-07-04 15:59:55.0 UTC+02:00,1,1.4,1.7,551823.716,6824349.638,252.937,9.97508054,61.54919701,252.937,7.758,CPOSRTCM32,ETRS89 / UTM zone 32N,4,6,8,0,0,Reach RS4,824337343DD29B56,Edward Forbes e.r.forbes@icloud.com
27,,,551814.411,6824348.062,249.819,,9.97490505,61.54918412,249.819,Global,"7,3",0.012,0.012,0.012,0.017,1.895,m,FIX,RTK,2026-07-04 16:00:04.4 UTC+02:00,2026-07-04 16:00:04.4 UTC+02:00,1,1.4,1.7,551823.716,6824349.638,252.937,9.97508054,61.54919701,252.937,9.345,CPOSRTCM32,ETRS89 / UTM zone 32N,5,6,8,0,0,Reach RS4,824337343DD29B56,Edward Forbes e.r.forbes@icloud.com
28,,,551814.721,6824348.964,249.986,,9.97491113,61.54919217,249.986,Global,"10,5",0.013,0.013,0.013,0.018,1.895,m,FIX,RTK,2026-07-04 16:00:10.2 UTC+02:00,2026-07-04 16:00:10.2 UTC+02:00,1,1.4,1.7,551823.716,6824349.638,252.937,9.97508054,61.54919701,252.937,9.022,CPOSRTCM32,ETRS89 / UTM zone 32N,5,6,8,0,0,Reach RS4,824337343DD29B56,Edward Forbes e.r.forbes@icloud.com
29,,,551814.922,6824348.912,249.967,,9.97491490,61.54919168,249.967,Global,"4,6",0.013,0.013,0.012,0.018,1.895,m,FIX,RTK,2026-07-04 16:00:14.2 UTC+02:00,2026-07-04 16:00:14.2 UTC+02:00,1,1.4,1.7,551823.716,6824349.638,252.937,9.97508054,61.54919701,252.937,8.913,CPOSRTCM32,ETRS89 / UTM zone 32N,5,6,8,0,0,Reach RS4,824337343DD29B56,Edward Forbes e.r.forbes@icloud.com
30,,,551814.115,6824347.562,249.764,,9.97489933,61.54917967,249.764,Global,"0,8",0.011,0.011,0.010,0.016,1.895,m,FIX,RTK,2026-07-04 16:00:23.6 UTC+02:00,2026-07-04 16:00:23.6 UTC+02:00,1,1.4,1.7,551823.716,6824349.638,252.937,9.97508054,61.54919701,252.937,9.889,CPOSRTCM32,ETRS89 / UTM zone 32N,5,6,8,0,0,Reach RS4,824337343DD29B56,Edward Forbes e.r.forbes@icloud.com
31,,,551813.141,6824348.835,249.971,,9.97488137,61.54919123,249.971,Global,"7,1",0.012,0.012,0.012,0.018,1.895,m,FIX,RTK,2026-07-04 16:00:33.0 UTC+02:00,2026-07-04 16:00:33.0 UTC+02:00,1,1.4,1.7,551823.716,6824349.638,252.937,9.97508054,61.54919701,252.937,10.719,CPOSRTCM32,ETRS89 / UTM zone 32N,5,6,8,0,0,Reach RS4,824337343DD29B56,Edward Forbes e.r.forbes@icloud.com
32,,,551812.515,6824348.171,249.861,,9.97486940,61.54918535,249.861,Global,"7,4",0.012,0.012,0.012,0.017,1.895,m,FIX,RTK,2026-07-04 16:00:37.6 UTC+02:00,2026-07-04 16:00:37.6 UTC+02:00,1,1.3,1.6,551823.716,6824349.638,252.937,9.97508054,61.54919701,252.937,11.269,CPOSRTCM32,ETRS89 / UTM zone 32N,5,6,8,0,0,Reach RS4,824337343DD29B56,Edward Forbes e.r.forbes@icloud.com
33,,,551812.121,6824347.596,249.830,,9.97486183,61.54918024,249.830,Global,"4,7",0.012,0.012,0.012,0.017,1.895,m,FIX,RTK,2026-07-04 16:00:47.0 UTC+02:00,2026-07-04 16:00:47.0 UTC+02:00,1,1.3,1.6,551823.716,6824349.638,252.937,9.97508054,61.54919701,252.937,11.686,CPOSRTCM32,ETRS89 / UTM zone 32N,5,6,8,0,0,Reach RS4,824337343DD29B56,Edward Forbes e.r.forbes@icloud.com
34,,,551812.337,6824347.360,249.777,,9.97486583,61.54917809,249.777,Global,"2,6",0.012,0.012,0.011,0.017,1.895,m,FIX,RTK,2026-07-04 16:00:50.2 UTC+02:00,2026-07-04 16:00:50.2 UTC+02:00,1,1.3,1.6,551823.716,6824349.638,252.937,9.97508054,61.54919701,252.937,11.605,CPOSRTCM32,ETRS89 / UTM zone 32N,5,6,8,0,0,Reach RS4,824337343DD29B56,Edward Forbes e.r.forbes@icloud.com
35,,,551808.481,6824347.923,249.914,,9.97479346,61.54918367,249.914,Global,"7,1",0.013,0.013,0.015,0.019,1.895,m,FIX,RTK,2026-07-04 16:01:10.0 UTC+02:00,2026-07-04 16:01:10.0 UTC+02:00,1,1.4,1.7,551823.716,6824349.638,252.937,9.97508054,61.54919701,252.937,15.163,CPOSRTCM32,ETRS89 / UTM zone 32N,5,6,8,0,0,Reach RS4,824337343DD29B56,Edward Forbes e.r.forbes@icloud.com
36,,,551809.340,6824344.645,249.352,,9.97480868,61.54915413,249.352,Global,"3,9",0.012,0.012,0.016,0.017,1.895,m,FIX,RTK,2026-07-04 16:03:34.0 UTC+02:00,2026-07-04 16:03:34.0 UTC+02:00,1,1.5,1.8,551823.716,6824349.638,252.937,9.97508054,61.54919701,252.937,15.387,CPOSRTCM32,ETRS89 / UTM zone 32N,5,6,8,0,0,Reach RS4,824337343DD29B56,Edward Forbes e.r.forbes@icloud.com
37,,,551809.547,6824346.059,249.607,,9.97481299,61.54916679,249.607,Global,"10,5",0.013,0.013,0.013,0.018,1.895,m,FIX,RTK,2026-07-04 16:03:55.2 UTC+02:00,2026-07-04 16:03:55.2 UTC+02:00,1,1.5,1.8,551823.716,6824349.638,252.937,9.97508054,61.54919701,252.937,14.774,CPOSRTCM32,ETRS89 / UTM zone 32N,4,6,8,0,0,Reach RS4,824337343DD29B56,Edward Forbes e.r.forbes@icloud.com
38,,,551809.537,6824345.554,249.508,,9.97481265,61.54916226,249.508,Global,"7,1",0.013,0.013,0.013,0.018,1.895,m,FIX,RTK,2026-07-04 16:04:06.8 UTC+02:00,2026-07-04 16:04:06.8 UTC+02:00,1,1.5,1.8,551823.716,6824349.638,252.937,9.97508054,61.54919701,252.937,14.938,CPOSRTCM32,ETRS89 / UTM zone 32N,5,6,8,0,0,Reach RS4,824337343DD29B56,Edward Forbes e.r.forbes@icloud.com
39,,,551809.613,6824345.718,249.550,,9.97481413,61.54916372,249.550,Global,"7,6",0.013,0.013,0.013,0.018,1.895,m,FIX,RTK,2026-07-04 16:04:09.6 UTC+02:00,2026-07-04 16:04:09.6 UTC+02:00,1,1.5,1.8,551823.716,6824349.638,252.937,9.97508054,61.54919701,252.937,14.794,CPOSRTCM32,ETRS89 / UTM zone 32N,4,6,8,0,0,Reach RS4,824337343DD29B56,Edward Forbes e.r.forbes@icloud.com
40,,,551812.406,6824346.251,249.573,,9.97486682,61.54916813,249.573,Global,"10,1",0.012,0.012,0.014,0.018,1.895,m,FIX,RTK,2026-07-04 16:04:44.4 UTC+02:00,2026-07-04 16:04:44.4 UTC+02:00,1,1.5,1.8,551823.716,6824349.638,252.937,9.97508054,61.54919701,252.937,12.123,CPOSRTCM32,ETRS89 / UTM zone 32N,4,6,8,0,0,Reach RS4,824337343DD29B56,Edward Forbes e.r.forbes@icloud.com
41,,,551812.344,6824346.521,249.630,,9.97486572,61.54917056,249.630,Global,"10,9",0.013,0.013,0.014,0.019,1.895,m,FIX,RTK,2026-07-04 16:04:48.4 UTC+02:00,2026-07-04 16:04:48.4 UTC+02:00,1,1.5,1.8,551823.716,6824349.638,252.937,9.97508054,61.54919701,252.937,12.068,CPOSRTCM32,ETRS89 / UTM zone 32N,4,6,8,0,0,Reach RS4,824337343DD29B56,Edward Forbes e.r.forbes@icloud.com
42,,,551813.454,6824345.877,249.508,,9.97488643,61.54916464,249.508,Global,"8,2",0.012,0.012,0.013,0.018,1.895,m,FIX,RTK,2026-07-04 16:05:00.6 UTC+02:00,2026-07-04 16:05:00.6 UTC+02:00,1,1.5,1.8,551823.716,6824349.638,252.937,9.97508054,61.54919701,252.937,11.277,CPOSRTCM32,ETRS89 / UTM zone 32N,3,6,8,0,0,Reach RS4,824337343DD29B56,Edward Forbes e.r.forbes@icloud.com
43,,,551815.531,6824345.979,249.480,,9.97492552,61.54916527,249.480,Global,"7,0",0.012,0.012,0.012,0.018,1.895,m,FIX,RTK,2026-07-04 16:05:13.0 UTC+02:00,2026-07-04 16:05:13.0 UTC+02:00,1,1.5,1.8,551823.716,6824349.638,252.937,9.97508054,61.54919701,252.937,9.281,CPOSRTCM32,ETRS89 / UTM zone 32N,4,6,8,0,0,Reach RS4,824337343DD29B56,Edward Forbes e.r.forbes@icloud.com
44,,,551815.473,6824346.456,249.568,,9.97492456,61.54916956,249.568,Global,"7,8",0.012,0.012,0.013,0.018,1.895,m,FIX,RTK,2026-07-04 16:05:18.8 UTC+02:00,2026-07-04 16:05:18.8 UTC+02:00,1,1.5,1.8,551823.716,6824349.638,252.937,9.97508054,61.54919701,252.937,9.072,CPOSRTCM32,ETRS89 / UTM zone 32N,3,6,8,0,0,Reach RS4,824337343DD29B56,Edward Forbes e.r.forbes@icloud.com
45,,,551815.700,6824346.014,249.486,,9.97492871,61.54916557,249.486,Global,"3,8",0.012,0.012,0.011,0.017,1.895,m,FIX,RTK,2026-07-04 16:05:24.4 UTC+02:00,2026-07-04 16:05:24.4 UTC+02:00,1,1.5,1.8,551823.716,6824349.638,252.937,9.97508054,61.54919701,252.937,9.005,CPOSRTCM32,ETRS89 / UTM zone 32N,4,6,8,0,0,Reach RS4,824337343DD29B56,Edward Forbes e.r.forbes@icloud.com
46,,,551816.805,6824346.171,249.487,,9.97494955,61.54916682,249.487,Global,"6,7",0.012,0.012,0.012,0.018,1.895,m,FIX,RTK,2026-07-04 16:05:35.6 UTC+02:00,2026-07-04 16:05:35.6 UTC+02:00,1,1.5,1.8,551823.716,6824349.638,252.937,9.97508054,61.54919701,252.937,8.037,CPOSRTCM32,ETRS89 / UTM zone 32N,3,6,8,0,0,Reach RS4,824337343DD29B56,Edward Forbes e.r.forbes@icloud.com
47,,,551819.232,6824345.858,249.423,,9.97499511,61.54916369,249.423,Global,"5,4",0.012,0.012,0.012,0.018,1.895,m,FIX,RTK,2026-07-04 16:05:50.0 UTC+02:00,2026-07-04 16:05:50.0 UTC+02:00,1,1.5,1.8,551823.716,6824349.638,252.937,9.97508054,61.54919701,252.937,6.253,CPOSRTCM32,ETRS89 / UTM zone 32N,4,6,8,0,0,Reach RS4,824337343DD29B56,Edward Forbes e.r.forbes@icloud.com
48,,,551820.685,6824345.721,249.376,,9.97502241,61.54916227,249.376,Global,"2,9",0.012,0.012,0.012,0.017,1.895,m,FIX,RTK,2026-07-04 16:05:59.4 UTC+02:00,2026-07-04 16:05:59.4 UTC+02:00,1,1.5,1.8,551823.716,6824349.638,252.937,9.97508054,61.54919701,252.937,5.320,CPOSRTCM32,ETRS89 / UTM zone 32N,4,6,8,0,0,Reach RS4,824337343DD29B56,Edward Forbes e.r.forbes@icloud.com
49,,,551820.984,6824345.806,249.404,,9.97502805,61.54916299,249.404,Global,"5,3",0.012,0.012,0.013,0.017,1.895,m,FIX,RTK,2026-07-04 16:06:03.2 UTC+02:00,2026-07-04 16:06:03.2 UTC+02:00,1,1.5,1.8,551823.716,6824349.638,252.937,9.97508054,61.54919701,252.937,5.119,CPOSRTCM32,ETRS89 / UTM zone 32N,4,6,8,0,0,Reach RS4,824337343DD29B56,Edward Forbes e.r.forbes@icloud.com
50,,,551821.838,6824346.468,249.506,,9.97504431,61.54916881,249.506,Global,"2,8",0.012,0.012,0.011,0.017,1.895,m,FIX,RTK,2026-07-04 16:06:09.8 UTC+02:00,2026-07-04 16:06:09.8 UTC+02:00,1,1.5,1.8,551823.716,6824349.638,252.937,9.97508054,61.54919701,252.937,4.077,CPOSRTCM32,ETRS89 / UTM zone 32N,4,6,8,0,0,Reach RS4,824337343DD29B56,Edward Forbes e.r.forbes@icloud.com
51,,,551821.845,6824344.950,249.256,,9.97504402,61.54915518,249.256,Global,"1,3",0.012,0.012,0.011,0.017,1.895,m,FIX,RTK,2026-07-04 16:06:18.6 UTC+02:00,2026-07-04 16:06:18.6 UTC+02:00,1,1.5,1.8,551823.716,6824349.638,252.937,9.97508054,61.54919701,252.937,5.375,CPOSRTCM32,ETRS89 / UTM zone 32N,4,6,8,0,0,Reach RS4,824337343DD29B56,Edward Forbes e.r.forbes@icloud.com
52,,,551822.749,6824343.758,249.087,,9.97506068,61.54914437,249.087,Global,"6,1",0.014,0.014,0.016,0.019,1.895,m,FIX,RTK,2026-07-04 16:06:48.6 UTC+02:00,2026-07-04 16:06:48.6 UTC+02:00,1,1.5,1.8,551823.716,6824349.638,252.937,9.97508054,61.54919701,252.937,6.467,CPOSRTCM32,ETRS89 / UTM zone 32N,4,6,8,0,0,Reach RS4,824337343DD29B56,Edward Forbes e.r.forbes@icloud.com
53,,,551821.974,6824343.644,249.034,,9.97504608,61.54914344,249.034,Global,"5,2",0.013,0.013,0.012,0.018,1.895,m,FIX,RTK,2026-07-04 16:06:54.0 UTC+02:00,2026-07-04 16:06:54.0 UTC+02:00,1,1.5,1.8,551823.716,6824349.638,252.937,9.97508054,61.54919701,252.937,6.648,CPOSRTCM32,ETRS89 / UTM zone 32N,4,6,8,0,0,Reach RS4,824337343DD29B56,Edward Forbes e.r.forbes@icloud.com
54,,,551821.695,6824344.118,249.122,,9.97504096,61.54914774,249.122,Global,"3,6",0.012,0.012,0.012,0.017,1.895,m,FIX,RTK,2026-07-04 16:07:00.2 UTC+02:00,2026-07-04 16:07:00.2 UTC+02:00,1,1.5,1.8,551823.716,6824349.638,252.937,9.97508054,61.54919701,252.937,6.299,CPOSRTCM32,ETRS89 / UTM zone 32N,4,6,8,0,0,Reach RS4,824337343DD29B56,Edward Forbes e.r.forbes@icloud.com
55,,,551821.530,6824344.608,249.216,,9.97503799,61.54915216,249.216,Global,"4,2",0.012,0.012,0.012,0.017,1.895,m,FIX,RTK,2026-07-04 16:07:04.2 UTC+02:00,2026-07-04 16:07:04.2 UTC+02:00,1,1.5,1.7,551823.716,6824349.638,252.937,9.97508054,61.54919701,252.937,5.902,CPOSRTCM32,ETRS89 / UTM zone 32N,5,6,8,0,0,Reach RS4,824337343DD29B56,Edward Forbes e.r.forbes@icloud.com
56,,,551821.341,6824344.557,249.199,,9.97503443,61.54915173,249.199,Global,"2,1",0.012,0.012,0.012,0.017,1.895,m,FIX,RTK,2026-07-04 16:07:07.0 UTC+02:00,2026-07-04 16:07:07.0 UTC+02:00,1,1.5,1.7,551823.716,6824349.638,252.937,9.97508054,61.54919701,252.937,5.962,CPOSRTCM32,ETRS89 / UTM zone 32N,5,6,8,0,0,Reach RS4,824337343DD29B56,Edward Forbes e.r.forbes@icloud.com
57,,,551820.704,6824344.032,249.107,,9.97502229,61.54914710,249.107,Global,"5,1",0.013,0.013,0.014,0.018,1.895,m,FIX,RTK,2026-07-04 16:07:11.4 UTC+02:00,2026-07-04 16:07:11.4 UTC+02:00,1,1.5,1.7,551823.716,6824349.638,252.937,9.97508054,61.54919701,252.937,6.785,CPOSRTCM32,ETRS89 / UTM zone 32N,5,6,8,0,0,Reach RS4,824337343DD29B56,Edward Forbes e.r.forbes@icloud.com
58,,,551820.849,6824343.569,249.021,,9.97502490,61.54914293,249.021,Global,"2,7",0.012,0.012,0.012,0.017,1.895,m,FIX,RTK,2026-07-04 16:07:16.0 UTC+02:00,2026-07-04 16:07:16.0 UTC+02:00,1,1.5,1.7,551823.716,6824349.638,252.937,9.97508054,61.54919701,252.937,7.035,CPOSRTCM32,ETRS89 / UTM zone 32N,5,6,8,0,0,Reach RS4,824337343DD29B56,Edward Forbes e.r.forbes@icloud.com
59,,,551820.913,6824342.816,248.903,,9.97502589,61.54913616,248.903,Global,"3,3",0.012,0.012,0.012,0.018,1.895,m,FIX,RTK,2026-07-04 16:07:23.2 UTC+02:00,2026-07-04 16:07:23.2 UTC+02:00,1,1.5,1.7,551823.716,6824349.638,252.937,9.97508054,61.54919701,252.937,7.766,CPOSRTCM32,ETRS89 / UTM zone 32N,5,6,8,0,0,Reach RS4,824337343DD29B56,Edward Forbes e.r.forbes@icloud.com
60,,,551820.348,6824344.343,249.161,,9.97501568,61.54914994,249.161,Global,"5,9",0.012,0.012,0.014,0.017,1.895,m,FIX,RTK,2026-07-04 16:07:29.6 UTC+02:00,2026-07-04 16:07:29.6 UTC+02:00,1,1.5,1.7,551823.716,6824349.638,252.937,9.97508054,61.54919701,252.937,6.665,CPOSRTCM32,ETRS89 / UTM zone 32N,5,6,8,0,0,Reach RS4,824337343DD29B56,Edward Forbes e.r.forbes@icloud.com
61,,,551813.768,6824344.291,249.224,,9.97489189,61.54915036,249.224,Global,"7,2",0.013,0.013,0.014,0.018,1.895,m,FIX,RTK,2026-07-04 16:07:52.6 UTC+02:00,2026-07-04 16:07:52.6 UTC+02:00,1,1.5,1.7,551823.716,6824349.638,252.937,9.97508054,61.54919701,252.937,11.475,CPOSRTCM32,ETRS89 / UTM zone 32N,5,6,8,0,0,Reach RS4,824337343DD29B56,Edward Forbes e.r.forbes@icloud.com
62,,,551804.568,6824343.313,249.364,,9.97471855,61.54914282,249.364,Global,"5,4",0.012,0.012,0.017,0.017,1.895,m,FIX,RTK,2026-07-04 16:08:24.6 UTC+02:00,2026-07-04 16:08:24.6 UTC+02:00,1,1.5,1.7,551823.716,6824349.638,252.937,9.97508054,61.54919701,252.937,20.160,CPOSRTCM32,ETRS89 / UTM zone 32N,5,6,8,0,0,Reach RS4,824337343DD29B56,Edward Forbes e.r.forbes@icloud.com
63,,,551810.898,6824341.323,248.799,,9.97483706,61.54912410,248.799,Global,"2,8",0.012,0.012,0.013,0.017,1.895,m,FIX,RTK,2026-07-04 16:11:06.0 UTC+02:00,2026-07-04 16:11:06.0 UTC+02:00,1,1.6,1.8,551823.716,6824349.638,252.937,9.97508054,61.54919701,252.937,15.538,CPOSRTCM32,ETRS89 / UTM zone 32N,5,6,8,0,0,Reach RS4,824337343DD29B56,Edward Forbes e.r.forbes@icloud.com
64,,,551819.517,6824341.586,248.662,,9.97499928,61.54912530,248.662,Global,"5,9",0.012,0.012,0.016,0.018,1.895,m,FIX,RTK,2026-07-04 16:11:32.8 UTC+02:00,2026-07-04 16:11:32.8 UTC+02:00,1,1.6,1.8,551823.716,6824349.638,252.937,9.97508054,61.54919701,252.937,9.580,CPOSRTCM32,ETRS89 / UTM zone 32N,5,6,8,0,0,Reach RS4,824337343DD29B56,Edward Forbes e.r.forbes@icloud.com
65,,,551821.615,6824341.355,248.606,,9.97503868,61.54912294,248.606,Global,"5,0",0.012,0.012,0.013,0.018,1.895,m,FIX,RTK,2026-07-04 16:11:43.0 UTC+02:00,2026-07-04 16:11:43.0 UTC+02:00,1,1.6,1.9,551823.716,6824349.638,252.937,9.97508054,61.54919701,252.937,8.961,CPOSRTCM32,ETRS89 / UTM zone 32N,5,6,8,0,0,Reach RS4,824337343DD29B56,Edward Forbes e.r.forbes@icloud.com
66,,,551821.600,6824341.535,248.606,,9.97503844,61.54912457,248.606,Global,"7,5",0.012,0.012,0.014,0.018,1.895,m,FIX,RTK,2026-07-04 16:11:45.0 UTC+02:00,2026-07-04 16:11:45.0 UTC+02:00,1,1.6,1.9,551823.716,6824349.638,252.937,9.97508054,61.54919701,252.937,8.888,CPOSRTCM32,ETRS89 / UTM zone 32N,4,6,8,0,0,Reach RS4,824337343DD29B56,Edward Forbes e.r.forbes@icloud.com
67,,,551822.007,6824340.316,248.404,,9.97504576,61.54911357,248.404,Global,"7,4",0.012,0.012,0.014,0.017,1.895,m,FIX,RTK,2026-07-04 16:12:02.0 UTC+02:00,2026-07-04 16:12:02.0 UTC+02:00,1,1.6,1.9,551823.716,6824349.638,252.937,9.97508054,61.54919701,252.937,10.071,CPOSRTCM32,ETRS89 / UTM zone 32N,5,5,8,0,0,Reach RS4,824337343DD29B56,Edward Forbes e.r.forbes@icloud.com
68,,,551821.605,6824340.364,248.416,,9.97503821,61.54911406,248.416,Global,"6,5",0.012,0.012,0.014,0.017,1.895,m,FIX,RTK,2026-07-04 16:12:05.2 UTC+02:00,2026-07-04 16:12:05.2 UTC+02:00,1,1.6,1.9,551823.716,6824349.638,252.937,9.97508054,61.54919701,252.937,10.036,CPOSRTCM32,ETRS89 / UTM zone 32N,5,5,8,0,0,Reach RS4,824337343DD29B56,Edward Forbes e.r.forbes@icloud.com
69,,,551819.250,6824340.534,248.469,,9.97499395,61.54911589,248.469,Global,"5,2",0.012,0.012,0.013,0.017,1.895,m,FIX,RTK,2026-07-04 16:12:26.8 UTC+02:00,2026-07-04 16:12:26.8 UTC+02:00,1,1.5,1.8,551823.716,6824349.638,252.937,9.97508054,61.54919701,252.937,10.630,CPOSRTCM32,ETRS89 / UTM zone 32N,5,5,8,0,0,Reach RS4,824337343DD29B56,Edward Forbes e.r.forbes@icloud.com
70,,,551810.831,6824340.651,248.689,,9.97483562,61.54911808,248.689,Global,"4,3",0.012,0.012,0.012,0.017,1.895,m,FIX,RTK,2026-07-04 16:12:52.0 UTC+02:00,2026-07-04 16:12:52.0 UTC+02:00,1,1.6,1.9,551823.716,6824349.638,252.937,9.97508054,61.54919701,252.937,15.989,CPOSRTCM32,ETRS89 / UTM zone 32N,5,5,8,0,0,Reach RS4,824337343DD29B56,Edward Forbes e.r.forbes@icloud.com
71,,,551810.034,6824338.465,248.371,,9.97481999,61.54909857,248.371,Global,"4,5",0.012,0.012,0.012,0.017,1.895,m,FIX,RTK,2026-07-04 16:12:58.4 UTC+02:00,2026-07-04 16:12:58.4 UTC+02:00,1,1.6,1.9,551823.716,6824349.638,252.937,9.97508054,61.54919701,252.937,17.725,CPOSRTCM32,ETRS89 / UTM zone 32N,5,5,8,0,0,Reach RS4,824337343DD29B56,Edward Forbes e.r.forbes@icloud.com
72,,,551808.003,6824338.351,248.442,,9.97478177,61.54909782,248.442,Global,"3,2",0.012,0.012,0.011,0.017,1.895,m,FIX,RTK,2026-07-04 16:13:07.4 UTC+02:00,2026-07-04 16:13:07.4 UTC+02:00,1,1.5,1.8,551823.716,6824349.638,252.937,9.97508054,61.54919701,252.937,19.430,CPOSRTCM32,ETRS89 / UTM zone 32N,5,5,7,0,0,Reach RS4,824337343DD29B56,Edward Forbes e.r.forbes@icloud.com
73,,,551806.938,6824340.512,248.823,,9.97476233,61.54911735,248.823,Global,"6,8",0.013,0.013,0.013,0.018,1.895,m,FIX,RTK,2026-07-04 16:13:13.2 UTC+02:00,2026-07-04 16:13:13.2 UTC+02:00,1,1.5,1.8,551823.716,6824349.638,252.937,9.97508054,61.54919701,252.937,19.225,CPOSRTCM32,ETRS89 / UTM zone 32N,5,5,8,0,0,Reach RS4,824337343DD29B56,Edward Forbes e.r.forbes@icloud.com
74,,,551807.824,6824339.029,248.588,,9.97477858,61.54910392,248.588,Global,"0,8",0.012,0.012,0.010,0.016,1.895,m,FIX,RTK,2026-07-04 16:13:21.8 UTC+02:00,2026-07-04 16:13:21.8 UTC+02:00,1,1.6,1.9,551823.716,6824349.638,252.937,9.97508054,61.54919701,252.937,19.249,CPOSRTCM32,ETRS89 / UTM zone 32N,5,5,8,0,0,Reach RS4,824337343DD29B56,Edward Forbes e.r.forbes@icloud.com
75,,,551807.178,6824338.844,248.574,,9.97476638,61.54910235,248.574,Global,"5,5",0.012,0.012,0.012,0.017,1.895,m,FIX,RTK,2026-07-04 16:13:27.0 UTC+02:00,2026-07-04 16:13:27.0 UTC+02:00,1,1.6,1.9,551823.716,6824349.638,252.937,9.97508054,61.54919701,252.937,19.804,CPOSRTCM32,ETRS89 / UTM zone 32N,5,5,8,0,0,Reach RS4,824337343DD29B56,Edward Forbes e.r.forbes@icloud.com
76,,,551807.639,6824338.689,248.539,,9.97477500,61.54910089,248.539,Global,"2,4",0.012,0.012,0.014,0.017,1.895,m,FIX,RTK,2026-07-04 16:13:30.4 UTC+02:00,2026-07-04 16:13:30.4 UTC+02:00,1,1.6,1.9,551823.716,6824349.638,252.937,9.97508054,61.54919701,252.937,19.560,CPOSRTCM32,ETRS89 / UTM zone 32N,5,5,8,0,0,Reach RS4,824337343DD29B56,Edward Forbes e.r.forbes@icloud.com
77,,,551804.772,6824338.915,248.720,,9.97472114,61.54910331,248.720,Global,"4,5",0.012,0.012,0.014,0.017,1.895,m,FIX,RTK,2026-07-04 16:13:39.6 UTC+02:00,2026-07-04 16:13:39.6 UTC+02:00,1,1.5,1.8,551823.716,6824349.638,252.937,9.97508054,61.54919701,252.937,21.762,CPOSRTCM32,ETRS89 / UTM zone 32N,5,5,8,0,0,Reach RS4,824337343DD29B56,Edward Forbes e.r.forbes@icloud.com
78,,,551804.270,6824340.035,248.915,,9.97471201,61.54911343,248.915,Global,"3,7",0.013,0.013,0.012,0.018,1.895,m,FIX,RTK,2026-07-04 16:13:44.0 UTC+02:00,2026-07-04 16:13:44.0 UTC+02:00,1,1.5,1.8,551823.716,6824349.638,252.937,9.97508054,61.54919701,252.937,21.807,CPOSRTCM32,ETRS89 / UTM zone 32N,5,5,8,0,0,Reach RS4,824337343DD29B56,Edward Forbes e.r.forbes@icloud.com
79,,,551800.952,6824340.086,249.083,,9.97464961,61.54911434,249.083,Global,"8,4",0.013,0.013,0.013,0.018,1.895,m,FIX,RTK,2026-07-04 16:13:53.6 UTC+02:00,2026-07-04 16:13:53.6 UTC+02:00,1,1.5,1.8,551823.716,6824349.638,252.937,9.97508054,61.54919701,252.937,24.716,CPOSRTCM32,ETRS89 / UTM zone 32N,5,5,8,0,0,Reach RS4,824337343DD29B56,Edward Forbes e.r.forbes@icloud.com
80,,,551800.997,6824339.265,248.958,,9.97465022,61.54910696,248.958,Global,"6,7",0.012,0.012,0.012,0.017,1.895,m,FIX,RTK,2026-07-04 16:13:57.6 UTC+02:00,2026-07-04 16:13:57.6 UTC+02:00,1,1.5,1.8,551823.716,6824349.638,252.937,9.97508054,61.54919701,252.937,24.982,CPOSRTCM32,ETRS89 / UTM zone 32N,5,5,8,0,0,Reach RS4,824337343DD29B56,Edward Forbes e.r.forbes@icloud.com
81,,,551804.426,6824340.118,248.930,,9.97471497,61.54911416,248.930,Global,"6,3",0.013,0.013,0.012,0.018,1.895,m,FIX,RTK,2026-07-04 16:14:12.4 UTC+02:00,2026-07-04 16:14:12.4 UTC+02:00,1,1.6,1.9,551823.716,6824349.638,252.937,9.97508054,61.54919701,252.937,21.833,CPOSRTCM32,ETRS89 / UTM zone 32N,5,5,8,0,0,Reach RS4,824337343DD29B56,Edward Forbes e.r.forbes@icloud.com
82,,,551801.548,6824339.713,249.009,,9.97466071,61.54911091,249.009,Global,"5,3",0.012,0.012,0.012,0.017,1.895,m,FIX,RTK,2026-07-04 16:14:23.4 UTC+02:00,2026-07-04 16:14:23.4 UTC+02:00,1,1.6,1.9,551823.716,6824349.638,252.937,9.97508054,61.54919701,252.937,24.344,CPOSRTCM32,ETRS89 / UTM zone 32N,5,5,8,0,0,Reach RS4,824337343DD29B56,Edward Forbes e.r.forbes@icloud.com
83,,,551801.009,6824340.061,249.070,,9.97465068,61.54911410,249.070,Global,"8,8",0.013,0.013,0.013,0.019,1.895,m,FIX,RTK,2026-07-04 16:14:29.8 UTC+02:00,2026-07-04 16:14:29.8 UTC+02:00,1,1.5,1.8,551823.716,6824349.638,252.937,9.97508054,61.54919701,252.937,24.809,CPOSRTCM32,ETRS89 / UTM zone 32N,5,5,8,0,0,Reach RS4,824337343DD29B56,Edward Forbes e.r.forbes@icloud.com
84,,,551799.900,6824339.924,249.130,,9.97462978,61.54911302,249.130,Global,"7,2",0.012,0.012,0.012,0.018,1.895,m,FIX,RTK,2026-07-04 16:14:35.4 UTC+02:00,2026-07-04 16:14:35.4 UTC+02:00,1,1.5,1.8,551823.716,6824349.638,252.937,9.97508054,61.54919701,252.937,25.666,CPOSRTCM32,ETRS89 / UTM zone 32N,5,5,8,0,0,Reach RS4,824337343DD29B56,Edward Forbes e.r.forbes@icloud.com
85,,,551799.400,6824339.919,249.140,,9.97462037,61.54911305,249.140,Global,"8,4",0.013,0.013,0.013,0.019,1.895,m,FIX,RTK,2026-07-04 16:14:38.6 UTC+02:00,2026-07-04 16:14:38.6 UTC+02:00,1,1.5,1.8,551823.716,6824349.638,252.937,9.97508054,61.54919701,252.937,26.206,CPOSRTCM32,ETRS89 / UTM zone 32N,5,5,8,0,0,Reach RS4,824337343DD29B56,Edward Forbes e.r.forbes@icloud.com
86,,,551799.625,6824340.421,249.216,,9.97462474,61.54911752,249.216,Global,"8,0",0.013,0.013,0.013,0.019,1.895,m,FIX,RTK,2026-07-04 16:14:44.6 UTC+02:00,2026-07-04 16:14:44.6 UTC+02:00,1,1.5,1.8,551823.716,6824349.638,252.937,9.97508054,61.54919701,252.937,25.969,CPOSRTCM32,ETRS89 / UTM zone 32N,5,5,8,0,0,Reach RS4,824337343DD29B56,Edward Forbes e.r.forbes@icloud.com
87,,,551798.779,6824339.128,249.090,,9.97460847,61.54910602,249.090,Global,"3,0",0.013,0.013,0.012,0.018,1.895,m,FIX,RTK,2026-07-04 16:14:49.2 UTC+02:00,2026-07-04 16:14:49.2 UTC+02:00,1,1.5,1.8,551823.716,6824349.638,252.937,9.97508054,61.54919701,252.937,27.043,CPOSRTCM32,ETRS89 / UTM zone 32N,5,5,8,0,0,Reach RS4,824337343DD29B56,Edward Forbes e.r.forbes@icloud.com
88,,,551798.586,6824339.387,249.126,,9.97460490,61.54910838,249.126,Global,"6,9",0.013,0.013,0.013,0.018,1.895,m,FIX,RTK,2026-07-04 16:14:51.6 UTC+02:00,2026-07-04 16:14:51.6 UTC+02:00,1,1.5,1.8,551823.716,6824349.638,252.937,9.97508054,61.54919701,252.937,27.103,CPOSRTCM32,ETRS89 / UTM zone 32N,5,5,8,0,0,Reach RS4,824337343DD29B56,Edward Forbes e.r.forbes@icloud.com
89,,,551798.301,6824338.852,249.074,,9.97459938,61.54910361,249.074,Global,"4,5",0.014,0.014,0.015,0.020,1.895,m,FIX,RTK,2026-07-04 16:14:55.4 UTC+02:00,2026-07-04 16:14:55.4 UTC+02:00,1,1.5,1.8,551823.716,6824349.638,252.937,9.97508054,61.54919701,252.937,27.580,CPOSRTCM32,ETRS89 / UTM zone 32N,5,5,8,0,0,Reach RS4,824337343DD29B56,Edward Forbes e.r.forbes@icloud.com
90,,,551798.157,6824338.560,249.049,,9.97459659,61.54910101,249.049,Global,"4,1",0.012,0.012,0.012,0.017,1.895,m,FIX,RTK,2026-07-04 16:14:58.6 UTC+02:00,2026-07-04 16:14:58.6 UTC+02:00,1,1.5,1.8,551823.716,6824349.638,252.937,9.97508054,61.54919701,252.937,27.807,CPOSRTCM32,ETRS89 / UTM zone 32N,5,5,8,0,0,Reach RS4,824337343DD29B56,Edward Forbes e.r.forbes@icloud.com
91,,,551797.715,6824339.220,249.169,,9.97458848,61.54910700,249.169,Global,"2,2",0.012,0.012,0.011,0.017,1.895,m,FIX,RTK,2026-07-04 16:15:03.4 UTC+02:00,2026-07-04 16:15:03.4 UTC+02:00,1,1.5,1.8,551823.716,6824349.638,252.937,9.97508054,61.54919701,252.937,28.043,CPOSRTCM32,ETRS89 / UTM zone 32N,5,5,8,0,0,Reach RS4,824337343DD29B56,Edward Forbes e.r.forbes@icloud.com
92,,,551797.837,6824339.568,249.179,,9.97459086,61.54911011,249.179,Global,"1,0",0.012,0.012,0.011,0.017,1.895,m,FIX,RTK,2026-07-04 16:15:07.0 UTC+02:00,2026-07-04 16:15:07.0 UTC+02:00,1,1.5,1.8,551823.716,6824349.638,252.937,9.97508054,61.54919701,252.937,27.835,CPOSRTCM32,ETRS89 / UTM zone 32N,5,5,8,0,0,Reach RS4,824337343DD29B56,Edward Forbes e.r.forbes@icloud.com
93,,,551797.865,6824340.032,249.263,,9.97459152,61.54911427,249.263,Global,"4,7",0.012,0.012,0.012,0.018,1.895,m,FIX,RTK,2026-07-04 16:15:12.0 UTC+02:00,2026-07-04 16:15:12.0 UTC+02:00,1,1.5,1.8,551823.716,6824349.638,252.937,9.97508054,61.54919701,252.937,27.538,CPOSRTCM32,ETRS89 / UTM zone 32N,5,5,8,0,0,Reach RS4,824337343DD29B56,Edward Forbes e.r.forbes@icloud.com
94,,,551796.822,6824339.543,249.257,,9.97457176,61.54911001,249.257,Global,"5,2",0.012,0.012,0.012,0.017,1.895,m,FIX,RTK,2026-07-04 16:15:22.0 UTC+02:00,2026-07-04 16:15:22.0 UTC+02:00,1,1.5,1.8,551823.716,6824349.638,252.937,9.97508054,61.54919701,252.937,28.661,CPOSRTCM32,ETRS89 / UTM zone 32N,5,5,8,0,0,Reach RS4,824337343DD29B56,Edward Forbes e.r.forbes@icloud.com
95,,,551796.974,6824338.722,249.149,,9.97457439,61.54910263,249.149,Global,"2,3",0.012,0.012,0.011,0.017,1.895,m,FIX,RTK,2026-07-04 16:15:26.4 UTC+02:00,2026-07-04 16:15:26.4 UTC+02:00,1,1.5,1.8,551823.716,6824349.638,252.937,9.97508054,61.54919701,252.937,28.933,CPOSRTCM32,ETRS89 / UTM zone 32N,5,5,8,0,0,Reach RS4,824337343DD29B56,Edward Forbes e.r.forbes@icloud.com
96,,,551795.689,6824338.226,249.179,,9.97455008,61.54909835,249.179,Global,"0,9",0.012,0.012,0.011,0.016,1.895,m,FIX,RTK,2026-07-04 16:15:37.8 UTC+02:00,2026-07-04 16:15:37.8 UTC+02:00,1,1.5,1.8,551823.716,6824349.638,252.937,9.97508054,61.54919701,252.937,30.299,CPOSRTCM32,ETRS89 / UTM zone 32N,5,5,8,0,0,Reach RS4,824337343DD29B56,Edward Forbes e.r.forbes@icloud.com
97,,,551795.035,6824338.707,249.261,,9.97453791,61.54910275,249.261,Global,"2,5",0.012,0.012,0.011,0.017,1.895,m,FIX,RTK,2026-07-04 16:15:41.2 UTC+02:00,2026-07-04 16:15:41.2 UTC+02:00,1,1.5,1.8,551823.716,6824349.638,252.937,9.97508054,61.54919701,252.937,30.682,CPOSRTCM32,ETRS89 / UTM zone 32N,5,5,8,0,0,Reach RS4,824337343DD29B56,Edward Forbes e.r.forbes@icloud.com
98,,,551794.485,6824338.608,249.273,,9.97452753,61.54910194,249.273,Global,"3,6",0.012,0.012,0.012,0.017,1.895,m,FIX,RTK,2026-07-04 16:15:44.0 UTC+02:00,2026-07-04 16:15:44.0 UTC+02:00,1,1.5,1.8,551823.716,6824349.638,252.937,9.97508054,61.54919701,252.937,31.214,CPOSRTCM32,ETRS89 / UTM zone 32N,5,5,8,0,0,Reach RS4,824337343DD29B56,Edward Forbes e.r.forbes@icloud.com
99,,,551794.269,6824339.062,249.336,,9.97452359,61.54910604,249.336,Global,"1,0",0.012,0.012,0.011,0.017,1.895,m,FIX,RTK,2026-07-04 16:15:46.6 UTC+02:00,2026-07-04 16:15:46.6 UTC+02:00,1,1.5,1.8,551823.716,6824349.638,252.937,9.97508054,61.54919701,252.937,31.348,CPOSRTCM32,ETRS89 / UTM zone 32N,5,5,8,0,0,Reach RS4,824337343DD29B56,Edward Forbes e.r.forbes@icloud.com
100,,,551793.787,6824338.425,249.326,,9.97451435,61.54910039,249.326,Global,"5,4",0.013,0.013,0.014,0.019,1.895,m,FIX,RTK,2026-07-04 16:15:50.4 UTC+02:00,2026-07-04 16:15:50.4 UTC+02:00,1,1.5,1.8,551823.716,6824349.638,252.937,9.97508054,61.54919701,252.937,31.898,CPOSRTCM32,ETRS89 / UTM zone 32N,5,5,8,0,0,Reach RS4,824337343DD29B56,Edward Forbes e.r.forbes@icloud.com
101,,,551793.026,6824339.176,249.459,,9.97450025,61.54910723,249.459,Global,"3,1",0.013,0.013,0.012,0.018,1.895,m,FIX,RTK,2026-07-04 16:15:56.2 UTC+02:00,2026-07-04 16:15:56.2 UTC+02:00,1,1.5,1.8,551823.716,6824349.638,252.937,9.97508054,61.54919701,252.937,32.533,CPOSRTCM32,ETRS89 / UTM zone 32N,5,5,8,0,0,Reach RS4,824337343DD29B56,Edward Forbes e.r.forbes@icloud.com
102,,,551793.948,6824336.639,249.120,,9.97451688,61.54908433,249.120,Global,"2,0",0.012,0.012,0.011,0.017,1.895,m,FIX,RTK,2026-07-04 16:16:14.6 UTC+02:00,2026-07-04 16:16:14.6 UTC+02:00,1,1.5,1.8,551823.716,6824349.638,252.937,9.97508054,61.54919701,252.937,32.563,CPOSRTCM32,ETRS89 / UTM zone 32N,5,5,8,0,0,Reach RS4,824337343DD29B56,Edward Forbes e.r.forbes@icloud.com
103,,,551794.030,6824337.175,249.157,,9.97451857,61.54908913,249.157,Global,"3,4",0.012,0.012,0.011,0.017,1.895,m,FIX,RTK,2026-07-04 16:16:20.4 UTC+02:00,2026-07-04 16:16:20.4 UTC+02:00,1,1.5,1.8,551823.716,6824349.638,252.937,9.97508054,61.54919701,252.937,32.296,CPOSRTCM32,ETRS89 / UTM zone 32N,5,5,8,0,0,Reach RS4,824337343DD29B56,Edward Forbes e.r.forbes@icloud.com
104,,,551794.306,6824337.376,249.163,,9.97452382,61.54909090,249.163,Global,"2,5",0.012,0.012,0.011,0.017,1.895,m,FIX,RTK,2026-07-04 16:16:25.2 UTC+02:00,2026-07-04 16:16:25.2 UTC+02:00,1,1.5,1.8,551823.716,6824349.638,252.937,9.97508054,61.54919701,252.937,32.015,CPOSRTCM32,ETRS89 / UTM zone 32N,5,5,8,0,0,Reach RS4,824337343DD29B56,Edward Forbes e.r.forbes@icloud.com
105,,,551794.440,6824337.021,249.113,,9.97452624,61.54908769,249.113,Global,"4,2",0.012,0.012,0.012,0.017,1.895,m,FIX,RTK,2026-07-04 16:16:35.8 UTC+02:00,2026-07-04 16:16:35.8 UTC+02:00,1,1.5,1.8,551823.716,6824349.638,252.937,9.97508054,61.54919701,252.937,31.982,CPOSRTCM32,ETRS89 / UTM zone 32N,5,5,8,0,0,Reach RS4,824337343DD29B56,Edward Forbes e.r.forbes@icloud.com
106,,,551793.754,6824337.813,249.272,,9.97451356,61.54909490,249.272,Global,"8,5",0.014,0.014,0.014,0.019,1.895,m,FIX,RTK,2026-07-04 16:16:40.4 UTC+02:00,2026-07-04 16:16:40.4 UTC+02:00,1,1.5,1.8,551823.716,6824349.638,252.937,9.97508054,61.54919701,252.937,32.208,CPOSRTCM32,ETRS89 / UTM zone 32N,5,5,8,0,0,Reach RS4,824337343DD29B56,Edward Forbes e.r.forbes@icloud.com
107,,,551794.486,6824337.806,249.202,,9.97452733,61.54909474,249.202,Global,"2,0",0.012,0.012,0.011,0.017,1.895,m,FIX,RTK,2026-07-04 16:16:47.8 UTC+02:00,2026-07-04 16:16:47.8 UTC+02:00,1,1.5,1.8,551823.716,6824349.638,252.937,9.97508054,61.54919701,252.937,31.587,CPOSRTCM32,ETRS89 / UTM zone 32N,5,5,8,0,0,Reach RS4,824337343DD29B56,Edward Forbes e.r.forbes@icloud.com
108,,,551794.968,6824337.204,249.124,,9.97453622,61.54908927,249.124,Global,"2,2",0.012,0.012,0.011,0.017,1.895,m,FIX,RTK,2026-07-04 16:16:52.8 UTC+02:00,2026-07-04 16:16:52.8 UTC+02:00,1,1.5,1.8,551823.716,6824349.638,252.937,9.97508054,61.54919701,252.937,31.322,CPOSRTCM32,ETRS89 / UTM zone 32N,5,5,8,0,0,Reach RS4,824337343DD29B56,Edward Forbes e.r.forbes@icloud.com
109,,,551795.403,6824336.841,249.048,,9.97454431,61.54908595,249.048,Global,"0,6",0.011,0.011,0.010,0.016,1.895,m,FIX,RTK,2026-07-04 16:16:56.4 UTC+02:00,2026-07-04 16:16:56.4 UTC+02:00,1,1.5,1.8,551823.716,6824349.638,252.937,9.97508054,61.54919701,252.937,31.148,CPOSRTCM32,ETRS89 / UTM zone 32N,5,5,8,0,0,Reach RS4,824337343DD29B56,Edward Forbes e.r.forbes@icloud.com
110,,,551795.313,6824337.941,249.181,,9.97454292,61.54909584,249.181,Global,"0,4",0.012,0.012,0.011,0.017,1.895,m,FIX,RTK,2026-07-04 16:17:01.8 UTC+02:00,2026-07-04 16:17:01.8 UTC+02:00,1,1.5,1.8,551823.716,6824349.638,252.937,9.97508054,61.54919701,252.937,30.797,CPOSRTCM32,ETRS89 / UTM zone 32N,5,5,8,0,0,Reach RS4,824337343DD29B56,Edward Forbes e.r.forbes@icloud.com
111,,,551796.129,6824338.060,249.136,,9.97455830,61.54909679,249.136,Global,"3,7",0.012,0.012,0.012,0.017,1.895,m,FIX,RTK,2026-07-04 16:17:10.6 UTC+02:00,2026-07-04 16:17:10.6 UTC+02:00,1,1.5,1.8,551823.716,6824349.638,252.937,9.97508054,61.54919701,252.937,30.032,CPOSRTCM32,ETRS89 / UTM zone 32N,5,5,8,0,0,Reach RS4,824337343DD29B56,Edward Forbes e.r.forbes@icloud.com
112,,,551797.417,6824337.931,249.021,,9.97458249,61.54909547,249.021,Global,"0,9",0.012,0.012,0.011,0.017,1.895,m,FIX,RTK,2026-07-04 16:17:17.0 UTC+02:00,2026-07-04 16:17:17.0 UTC+02:00,1,1.5,1.8,551823.716,6824349.638,252.937,9.97508054,61.54919701,252.937,28.861,CPOSRTCM32,ETRS89 / UTM zone 32N,5,5,8,0,0,Reach RS4,824337343DD29B56,Edward Forbes e.r.forbes@icloud.com
113,,,551797.541,6824337.787,249.003,,9.97458479,61.54909416,249.003,Global,"1,2",0.012,0.012,0.011,0.016,1.895,m,FIX,RTK,2026-07-04 16:17:19.6 UTC+02:00,2026-07-04 16:17:19.6 UTC+02:00,1,1.6,1.8,551823.716,6824349.638,252.937,9.97508054,61.54919701,252.937,28.859,CPOSRTCM32,ETRS89 / UTM zone 32N,5,5,8,0,0,Reach RS4,824337343DD29B56,Edward Forbes e.r.forbes@icloud.com
114,,,551797.878,6824337.836,249.006,,9.97459114,61.54909455,249.006,Global,"2,3",0.012,0.012,0.011,0.017,1.895,m,FIX,RTK,2026-07-04 16:17:23.6 UTC+02:00,2026-07-04 16:17:23.6 UTC+02:00,1,1.6,1.8,551823.716,6824349.638,252.937,9.97508054,61.54919701,252.937,28.538,CPOSRTCM32,ETRS89 / UTM zone 32N,5,5,8,0,0,Reach RS4,824337343DD29B56,Edward Forbes e.r.forbes@icloud.com
115,,,551798.001,6824337.616,248.954,,9.97459340,61.54909256,248.954,Global,"4,6",0.012,0.012,0.012,0.017,1.895,m,FIX,RTK,2026-07-04 16:17:34.0 UTC+02:00,2026-07-04 16:17:34.0 UTC+02:00,1,1.6,1.8,551823.716,6824349.638,252.937,9.97508054,61.54919701,252.937,28.582,CPOSRTCM32,ETRS89 / UTM zone 32N,5,5,8,0,0,Reach RS4,824337343DD29B56,Edward Forbes e.r.forbes@icloud.com
116,,,551797.795,6824337.376,248.935,,9.97458946,61.54909043,248.935,Global,"3,5",0.012,0.012,0.011,0.017,1.895,m,FIX,RTK,2026-07-04 16:17:37.4 UTC+02:00,2026-07-04 16:17:37.4 UTC+02:00,1,1.6,1.8,551823.716,6824349.638,252.937,9.97508054,61.54919701,252.937,28.860,CPOSRTCM32,ETRS89 / UTM zone 32N,5,5,8,0,0,Reach RS4,824337343DD29B56,Edward Forbes e.r.forbes@icloud.com
117,,,551800.757,6824338.026,248.855,,9.97464535,61.54909587,248.855,Global,"7,9",0.013,0.013,0.013,0.018,1.895,m,FIX,RTK,2026-07-04 16:17:53.2 UTC+02:00,2026-07-04 16:17:53.2 UTC+02:00,1,1.6,1.9,551823.716,6824349.638,252.937,9.97508054,61.54919701,252.937,25.963,CPOSRTCM32,ETRS89 / UTM zone 32N,5,5,8,0,0,Reach RS4,824337343DD29B56,Edward Forbes e.r.forbes@icloud.com
118,,,551801.797,6824337.958,248.772,,9.97466490,61.54909512,248.772,Global,"4,6",0.012,0.012,0.012,0.017,1.895,m,FIX,RTK,2026-07-04 16:17:57.2 UTC+02:00,2026-07-04 16:17:57.2 UTC+02:00,1,1.6,1.9,551823.716,6824349.638,252.937,9.97508054,61.54919701,252.937,25.070,CPOSRTCM32,ETRS89 / UTM zone 32N,5,5,8,0,0,Reach RS4,824337343DD29B56,Edward Forbes e.r.forbes@icloud.com
119,,,551806.199,6824337.182,248.414,,9.97474750,61.54908757,248.414,Global,"0,6",0.012,0.012,0.011,0.017,1.895,m,FIX,RTK,2026-07-04 16:18:09.8 UTC+02:00,2026-07-04 16:18:09.8 UTC+02:00,1,1.6,1.8,551823.716,6824349.638,252.937,9.97508054,61.54919701,252.937,21.647,CPOSRTCM32,ETRS89 / UTM zone 32N,5,5,8,0,0,Reach RS4,824337343DD29B56,Edward Forbes e.r.forbes@icloud.com
120,,,551806.728,6824336.961,248.340,,9.97475738,61.54908550,248.340,Global,"2,2",0.012,0.012,0.011,0.018,1.895,m,FIX,RTK,2026-07-04 16:18:15.6 UTC+02:00,2026-07-04 16:18:15.6 UTC+02:00,1,1.6,1.8,551823.716,6824349.638,252.937,9.97508054,61.54919701,252.937,21.417,CPOSRTCM32,ETRS89 / UTM zone 32N,5,5,8,0,0,Reach RS4,824337343DD29B56,Edward Forbes e.r.forbes@icloud.com
121,,,551807.757,6824337.894,248.451,,9.97477701,61.54909374,248.451,Global,"2,8",0.013,0.013,0.012,0.018,1.895,m,FIX,RTK,2026-07-04 16:18:21.2 UTC+02:00,2026-07-04 16:18:21.2 UTC+02:00,1,1.6,1.8,551823.716,6824349.638,252.937,9.97508054,61.54919701,252.937,20.068,CPOSRTCM32,ETRS89 / UTM zone 32N,5,5,8,0,0,Reach RS4,824337343DD29B56,Edward Forbes e.r.forbes@icloud.com
122,,,551808.471,6824337.360,248.288,,9.97479030,61.54908886,248.288,Global,"1,2",0.012,0.012,0.011,0.017,1.895,m,FIX,RTK,2026-07-04 16:18:28.6 UTC+02:00,2026-07-04 16:18:28.6 UTC+02:00,1,1.6,1.9,551823.716,6824349.638,252.937,9.97508054,61.54919701,252.937,19.784,CPOSRTCM32,ETRS89 / UTM zone 32N,5,5,8,0,0,Reach RS4,824337343DD29B56,Edward Forbes e.r.forbes@icloud.com
123,,,551809.621,6824337.078,248.189,,9.97481184,61.54908617,248.189,Global,"5,0",0.013,0.013,0.012,0.018,1.895,m,FIX,RTK,2026-07-04 16:18:33.8 UTC+02:00,2026-07-04 16:18:33.8 UTC+02:00,1,1.6,1.9,551823.716,6824349.638,252.937,9.97508054,61.54919701,252.937,18.989,CPOSRTCM32,ETRS89 / UTM zone 32N,5,5,8,0,0,Reach RS4,824337343DD29B56,Edward Forbes e.r.forbes@icloud.com
124,,,551810.222,6824337.874,248.287,,9.97482336,61.54909323,248.287,Global,"4,7",0.013,0.013,0.013,0.019,1.895,m,FIX,RTK,2026-07-04 16:18:37.2 UTC+02:00,2026-07-04 16:18:37.2 UTC+02:00,1,1.6,1.9,551823.716,6824349.638,252.937,9.97508054,61.54919701,252.937,18.257,CPOSRTCM32,ETRS89 / UTM zone 32N,5,5,8,0,0,Reach RS4,824337343DD29B56,Edward Forbes e.r.forbes@icloud.com
125,,,551810.123,6824338.100,248.322,,9.97482158,61.54909527,248.322,Global,"6,5",0.012,0.012,0.012,0.018,1.895,m,FIX,RTK,2026-07-04 16:18:39.8 UTC+02:00,2026-07-04 16:18:39.8 UTC+02:00,1,1.6,1.9,551823.716,6824349.638,252.937,9.97508054,61.54919701,252.937,18.241,CPOSRTCM32,ETRS89 / UTM zone 32N,5,5,8,0,0,Reach RS4,824337343DD29B56,Edward Forbes e.r.forbes@icloud.com
126,,,551810.555,6824337.126,248.160,,9.97482942,61.54908648,248.160,Global,"1,4",0.012,0.012,0.011,0.017,1.895,m,FIX,RTK,2026-07-04 16:18:46.4 UTC+02:00,2026-07-04 16:18:46.4 UTC+02:00,1,1.6,1.8,551823.716,6824349.638,252.937,9.97508054,61.54919701,252.937,18.431,CPOSRTCM32,ETRS89 / UTM zone 32N,5,5,8,0,0,Reach RS4,824337343DD29B56,Edward Forbes e.r.forbes@icloud.com
127,,,551809.954,6824336.296,248.036,,9.97481788,61.54907911,248.036,Global,"0,7",0.012,0.012,0.011,0.017,1.895,m,FIX,RTK,2026-07-04 16:18:51.4 UTC+02:00,2026-07-04 16:18:51.4 UTC+02:00,1,1.6,1.8,551823.716,6824349.638,252.937,9.97508054,61.54919701,252.937,19.387,CPOSRTCM32,ETRS89 / UTM zone 32N,5,5,8,0,0,Reach RS4,824337343DD29B56,Edward Forbes e.r.forbes@icloud.com
128,,,551809.861,6824336.300,248.061,,9.97481613,61.54907916,248.061,Global,"1,1",0.012,0.012,0.011,0.016,1.895,m,FIX,RTK,2026-07-04 16:18:53.8 UTC+02:00,2026-07-04 16:18:53.8 UTC+02:00,1,1.6,1.8,551823.716,6824349.638,252.937,9.97508054,61.54919701,252.937,19.444,CPOSRTCM32,ETRS89 / UTM zone 32N,5,5,8,0,0,Reach RS4,824337343DD29B56,Edward Forbes e.r.forbes@icloud.com
129,,,551809.674,6824336.176,248.050,,9.97481258,61.54907806,248.050,Global,"3,1",0.012,0.012,0.011,0.017,1.895,m,FIX,RTK,2026-07-04 16:18:56.4 UTC+02:00,2026-07-04 16:18:56.4 UTC+02:00,1,1.6,1.8,551823.716,6824349.638,252.937,9.97508054,61.54919701,252.937,19.606,CPOSRTCM32,ETRS89 / UTM zone 32N,5,5,8,0,0,Reach RS4,824337343DD29B56,Edward Forbes e.r.forbes@icloud.com
130,,,551810.471,6824336.061,248.003,,9.97482755,61.54907692,248.003,Global,"1,9",0.012,0.012,0.011,0.017,1.895,m,FIX,RTK,2026-07-04 16:19:00.2 UTC+02:00,2026-07-04 16:19:00.2 UTC+02:00,1,1.6,1.8,551823.716,6824349.638,252.937,9.97508054,61.54919701,252.937,19.161,CPOSRTCM32,ETRS89 / UTM zone 32N,5,5,8,0,0,Reach RS4,824337343DD29B56,Edward Forbes e.r.forbes@icloud.com
131,,,551811.515,6824337.405,248.171,,9.97484756,61.54908885,248.171,Global,"2,7",0.012,0.012,0.012,0.018,1.895,m,FIX,RTK,2026-07-04 16:19:05.2 UTC+02:00,2026-07-04 16:19:05.2 UTC+02:00,1,1.6,1.9,551823.716,6824349.638,252.937,9.97508054,61.54919701,252.937,17.610,CPOSRTCM32,ETRS89 / UTM zone 32N,5,5,8,0,0,Reach RS4,824337343DD29B56,Edward Forbes e.r.forbes@icloud.com
132,,,551811.677,6824337.280,248.141,,9.97485058,61.54908770,248.141,Global,"4,0",0.012,0.012,0.012,0.017,1.895,m,FIX,RTK,2026-07-04 16:19:08.2 UTC+02:00,2026-07-04 16:19:08.2 UTC+02:00,1,1.6,1.9,551823.716,6824349.638,252.937,9.97508054,61.54919701,252.937,17.623,CPOSRTCM32,ETRS89 / UTM zone 32N,5,5,8,0,0,Reach RS4,824337343DD29B56,Edward Forbes e.r.forbes@icloud.com
133,,,551812.204,6824337.032,248.074,,9.97486042,61.54908541,248.074,Global,"1,6",0.012,0.012,0.011,0.017,1.895,m,FIX,RTK,2026-07-04 16:19:12.2 UTC+02:00,2026-07-04 16:19:12.2 UTC+02:00,1,1.6,1.8,551823.716,6824349.638,252.937,9.97508054,61.54919701,252.937,17.383,CPOSRTCM32,ETRS89 / UTM zone 32N,5,5,8,0,0,Reach RS4,824337343DD29B56,Edward Forbes e.r.forbes@icloud.com
134,,,551811.442,6824336.296,247.998,,9.97484588,61.54907891,247.998,Global,"3,8",0.012,0.012,0.012,0.017,1.895,m,FIX,RTK,2026-07-04 16:19:15.8 UTC+02:00,2026-07-04 16:19:15.8 UTC+02:00,1,1.6,1.8,551823.716,6824349.638,252.937,9.97508054,61.54919701,252.937,18.342,CPOSRTCM32,ETRS89 / UTM zone 32N,5,5,8,0,0,Reach RS4,824337343DD29B56,Edward Forbes e.r.forbes@icloud.com
135,,,551812.372,6824337.297,248.111,,9.97486366,61.54908777,248.111,Global,"3,0",0.012,0.012,0.011,0.017,1.895,m,FIX,RTK,2026-07-04 16:19:18.6 UTC+02:00,2026-07-04 16:19:18.6 UTC+02:00,1,1.6,1.8,551823.716,6824349.638,252.937,9.97508054,61.54919701,252.937,17.124,CPOSRTCM32,ETRS89 / UTM zone 32N,5,5,8,0,0,Reach RS4,824337343DD29B56,Edward Forbes e.r.forbes@icloud.com
136,,,551812.633,6824337.431,248.118,,9.97486860,61.54908894,248.118,Global,"4,1",0.012,0.012,0.012,0.017,1.895,m,FIX,RTK,2026-07-04 16:19:22.6 UTC+02:00,2026-07-04 16:19:22.6 UTC+02:00,1,1.6,1.9,551823.716,6824349.638,252.937,9.97508054,61.54919701,252.937,16.883,CPOSRTCM32,ETRS89 / UTM zone 32N,5,5,8,0,0,Reach RS4,824337343DD29B56,Edward Forbes e.r.forbes@icloud.com
137,,,551813.319,6824336.453,247.942,,9.97488124,61.54908006,247.942,Global,"1,4",0.012,0.012,0.013,0.017,1.895,m,FIX,RTK,2026-07-04 16:19:28.2 UTC+02:00,2026-07-04 16:19:28.2 UTC+02:00,1,1.6,1.9,551823.716,6824349.638,252.937,9.97508054,61.54919701,252.937,17.088,CPOSRTCM32,ETRS89 / UTM zone 32N,5,5,8,0,0,Reach RS4,824337343DD29B56,Edward Forbes e.r.forbes@icloud.com
138,,,551813.764,6824337.150,248.055,,9.97488981,61.54908626,248.055,Global,"4,2",0.012,0.012,0.012,0.017,1.895,m,FIX,RTK,2026-07-04 16:19:38.8 UTC+02:00,2026-07-04 16:19:38.8 UTC+02:00,1,1.6,1.9,551823.716,6824349.638,252.937,9.97508054,61.54919701,252.937,16.389,CPOSRTCM32,ETRS89 / UTM zone 32N,5,5,8,0,0,Reach RS4,824337343DD29B56,Edward Forbes e.r.forbes@icloud.com
139,,,551814.176,6824336.768,247.978,,9.97489745,61.54908277,247.978,Global,"3,7",0.012,0.012,0.011,0.017,1.895,m,FIX,RTK,2026-07-04 16:19:42.4 UTC+02:00,2026-07-04 16:19:42.4 UTC+02:00,1,1.6,1.9,551823.716,6824349.638,252.937,9.97508054,61.54919701,252.937,16.438,CPOSRTCM32,ETRS89 / UTM zone 32N,5,5,8,0,0,Reach RS4,824337343DD29B56,Edward Forbes e.r.forbes@icloud.com
140,,,551814.783,6824336.219,247.875,,9.97490871,61.54907776,247.875,Global,"2,2",0.012,0.012,0.011,0.017,1.895,m,FIX,RTK,2026-07-04 16:19:46.0 UTC+02:00,2026-07-04 16:19:46.0 UTC+02:00,1,1.6,1.9,551823.716,6824349.638,252.937,9.97508054,61.54919701,252.937,16.436,CPOSRTCM32,ETRS89 / UTM zone 32N,5,5,8,0,0,Reach RS4,824337343DD29B56,Edward Forbes e.r.forbes@icloud.com
141,,,551817.071,6824336.412,247.799,,9.97495181,61.54907919,247.799,Global,"1,4",0.012,0.012,0.011,0.017,1.895,m,FIX,RTK,2026-07-04 16:20:00.8 UTC+02:00,2026-07-04 16:20:00.8 UTC+02:00,1,1.6,1.8,551823.716,6824349.638,252.937,9.97508054,61.54919701,252.937,15.112,CPOSRTCM32,ETRS89 / UTM zone 32N,5,5,8,0,0,Reach RS4,824337343DD29B56,Edward Forbes e.r.forbes@icloud.com
142,,,551817.545,6824337.180,247.925,,9.97496093,61.54908602,247.925,Global,"2,1",0.013,0.013,0.012,0.018,1.895,m,FIX,RTK,2026-07-04 16:20:06.2 UTC+02:00,2026-07-04 16:20:06.2 UTC+02:00,1,1.6,1.8,551823.716,6824349.638,252.937,9.97508054,61.54919701,252.937,14.324,CPOSRTCM32,ETRS89 / UTM zone 32N,5,5,8,0,0,Reach RS4,824337343DD29B56,Edward Forbes e.r.forbes@icloud.com
143,,,551817.660,6824337.773,248.009,,9.97496327,61.54909133,248.009,Global,"3,4",0.012,0.012,0.012,0.017,1.895,m,FIX,RTK,2026-07-04 16:20:09.0 UTC+02:00,2026-07-04 16:20:09.0 UTC+02:00,1,1.6,1.8,551823.716,6824349.638,252.937,9.97508054,61.54919701,252.937,13.779,CPOSRTCM32,ETRS89 / UTM zone 32N,5,5,8,0,0,Reach RS4,824337343DD29B56,Edward Forbes e.r.forbes@icloud.com
144,,,551817.548,6824337.949,248.032,,9.97496121,61.54909292,248.032,Global,"3,7",0.012,0.012,0.013,0.017,1.895,m,FIX,RTK,2026-07-04 16:20:11.0 UTC+02:00,2026-07-04 16:20:11.0 UTC+02:00,1,1.6,1.9,551823.716,6824349.638,252.937,9.97508054,61.54919701,252.937,13.678,CPOSRTCM32,ETRS89 / UTM zone 32N,5,5,8,0,0,Reach RS4,824337343DD29B56,Edward Forbes e.r.forbes@icloud.com
145,,,551817.607,6824336.201,247.754,,9.97496183,61.54907722,247.754,Global,"4,3",0.013,0.013,0.012,0.018,1.895,m,FIX,RTK,2026-07-04 16:20:16.0 UTC+02:00,2026-07-04 16:20:16.0 UTC+02:00,1,1.6,1.8,551823.716,6824349.638,252.937,9.97508054,61.54919701,252.937,15.058,CPOSRTCM32,ETRS89 / UTM zone 32N,5,5,8,0,0,Reach RS4,824337343DD29B56,Edward Forbes e.r.forbes@icloud.com
146,,,551818.518,6824336.364,247.738,,9.97497901,61.54907856,247.738,Global,"0,2",0.012,0.012,0.014,0.017,1.895,m,FIX,RTK,2026-07-04 16:20:18.8 UTC+02:00,2026-07-04 16:20:18.8 UTC+02:00,1,1.6,1.8,551823.716,6824349.638,252.937,9.97508054,61.54919701,252.937,14.632,CPOSRTCM32,ETRS89 / UTM zone 32N,5,5,8,0,0,Reach RS4,824337343DD29B56,Edward Forbes e.r.forbes@icloud.com
147,,,551822.931,6824334.028,247.327,,9.97506137,61.54905701,247.327,Global,"5,2",0.012,0.012,0.012,0.017,1.895,m,FIX,RTK,2026-07-04 16:20:59.4 UTC+02:00,2026-07-04 16:20:59.4 UTC+02:00,1,1.6,1.9,551823.716,6824349.638,252.937,9.97508054,61.54919701,252.937,16.240,CPOSRTCM32,ETRS89 / UTM zone 32N,5,5,8,0,0,Reach RS4,824337343DD29B56,Edward Forbes e.r.forbes@icloud.com
148,,,551822.899,6824333.631,247.245,,9.97506065,61.54905345,247.245,Global,"1,6",0.012,0.012,0.011,0.017,1.895,m,FIX,RTK,2026-07-04 16:21:02.8 UTC+02:00,2026-07-04 16:21:02.8 UTC+02:00,1,1.6,1.9,551823.716,6824349.638,252.937,9.97508054,61.54919701,252.937,16.500,CPOSRTCM32,ETRS89 / UTM zone 32N,5,5,8,0,0,Reach RS4,824337343DD29B56,Edward Forbes e.r.forbes@icloud.com
149,,,551820.182,6824335.339,247.567,,9.97501003,61.54906915,247.567,Global,"6,8",0.012,0.012,0.012,0.018,1.895,m,FIX,RTK,2026-07-04 16:21:13.0 UTC+02:00,2026-07-04 16:21:13.0 UTC+02:00,1,1.8,2.1,551823.716,6824349.638,252.937,9.97508054,61.54919701,252.937,15.346,CPOSRTCM32,ETRS89 / UTM zone 32N,5,5,8,0,0,Reach RS4,824337343DD29B56,Edward Forbes e.r.forbes@icloud.com
150,,,551818.915,6824334.515,247.470,,9.97498597,61.54906192,247.470,Global,"7,8",0.012,0.012,0.012,0.018,1.895,m,FIX,RTK,2026-07-04 16:21:18.2 UTC+02:00,2026-07-04 16:21:18.2 UTC+02:00,1,1.8,2.1,551823.716,6824349.638,252.937,9.97508054,61.54919701,252.937,16.314,CPOSRTCM32,ETRS89 / UTM zone 32N,5,5,8,0,0,Reach RS4,824337343DD29B56,Edward Forbes e.r.forbes@icloud.com
151,,,551819.158,6824334.854,247.504,,9.97499062,61.54906493,247.504,Global,"6,4",0.013,0.013,0.012,0.018,1.895,m,FIX,RTK,2026-07-04 16:21:20.6 UTC+02:00,2026-07-04 16:21:20.6 UTC+02:00,1,1.8,2.1,551823.716,6824349.638,252.937,9.97508054,61.54919701,252.937,16.064,CPOSRTCM32,ETRS89 / UTM zone 32N,5,5,8,0,0,Reach RS4,824337343DD29B56,Edward Forbes e.r.forbes@icloud.com
152,,,551818.810,6824335.043,247.545,,9.97498414,61.54906667,247.545,Global,"6,9",0.015,0.015,0.014,0.021,1.895,m,FIX,RTK,2026-07-04 16:21:23.6 UTC+02:00,2026-07-04 16:21:23.6 UTC+02:00,1,1.7,1.9,551823.716,6824349.638,252.937,9.97508054,61.54919701,252.937,15.950,CPOSRTCM32,ETRS89 / UTM zone 32N,5,5,8,0,0,Reach RS4,824337343DD29B56,Edward Forbes e.r.forbes@icloud.com
153,,,551818.619,6824335.393,247.595,,9.97498064,61.54906984,247.595,Global,"7,3",0.012,0.012,0.012,0.018,1.895,m,FIX,RTK,2026-07-04 16:21:27.8 UTC+02:00,2026-07-04 16:21:27.8 UTC+02:00,1,1.8,2.1,551823.716,6824349.638,252.937,9.97508054,61.54919701,252.937,15.677,CPOSRTCM32,ETRS89 / UTM zone 32N,5,5,8,0,0,Reach RS4,824337343DD29B56,Edward Forbes e.r.forbes@icloud.com
154,,,551818.521,6824335.066,247.553,,9.97497871,61.54906691,247.553,Global,"6,1",0.013,0.013,0.013,0.018,1.895,m,FIX,RTK,2026-07-04 16:21:31.2 UTC+02:00,2026-07-04 16:21:31.2 UTC+02:00,1,1.7,1.9,551823.716,6824349.638,252.937,9.97508054,61.54919701,252.937,15.958,CPOSRTCM32,ETRS89 / UTM zone 32N,5,5,8,0,0,Reach RS4,824337343DD29B56,Edward Forbes e.r.forbes@icloud.com
155,,,551819.060,6824335.955,247.680,,9.97498909,61.54907483,247.680,Global,"10,4",0.014,0.014,0.016,0.020,1.895,m,FIX,RTK,2026-07-04 16:21:35.4 UTC+02:00,2026-07-04 16:21:35.4 UTC+02:00,1,1.8,2.1,551823.716,6824349.638,252.937,9.97508054,61.54919701,252.937,15.185,CPOSRTCM32,ETRS89 / UTM zone 32N,5,5,8,0,0,Reach RS4,824337343DD29B56,Edward Forbes e.r.forbes@icloud.com
156,,,551818.661,6824335.815,247.673,,9.97498155,61.54907362,247.673,Global,"7,3",0.013,0.013,0.014,0.018,1.895,m,FIX,RTK,2026-07-04 16:21:37.8 UTC+02:00,2026-07-04 16:21:37.8 UTC+02:00,1,1.7,1.9,551823.716,6824349.638,252.937,9.97508054,61.54919701,252.937,15.321,CPOSRTCM32,ETRS89 / UTM zone 32N,5,5,8,0,0,Reach RS4,824337343DD29B56,Edward Forbes e.r.forbes@icloud.com
157,,,551818.077,6824334.844,247.518,,9.97497030,61.54906498,247.518,Global,"8,1",0.014,0.014,0.017,0.019,1.895,m,FIX,RTK,2026-07-04 16:21:42.2 UTC+02:00,2026-07-04 16:21:42.2 UTC+02:00,1,1.7,1.9,551823.716,6824349.638,252.937,9.97508054,61.54919701,252.937,16.409,CPOSRTCM32,ETRS89 / UTM zone 32N,5,5,8,0,0,Reach RS4,824337343DD29B56,Edward Forbes e.r.forbes@icloud.com
158,,,551817.257,6824335.422,247.650,,9.97495502,61.54907028,247.650,Global,"6,8",0.013,0.013,0.013,0.018,1.895,m,FIX,RTK,2026-07-04 16:21:48.0 UTC+02:00,2026-07-04 16:21:48.0 UTC+02:00,1,1.7,2.0,551823.716,6824349.638,252.937,9.97508054,61.54919701,252.937,16.164,CPOSRTCM32,ETRS89 / UTM zone 32N,5,5,8,0,0,Reach RS4,824337343DD29B56,Edward Forbes e.r.forbes@icloud.com
159,,,551817.236,6824335.787,247.738,,9.97495473,61.54907356,247.738,Global,"7,2",0.013,0.013,0.012,0.018,1.895,m,FIX,RTK,2026-07-04 16:21:52.0 UTC+02:00,2026-07-04 16:21:52.0 UTC+02:00,1,1.7,2.0,551823.716,6824349.638,252.937,9.97508054,61.54919701,252.937,15.850,CPOSRTCM32,ETRS89 / UTM zone 32N,5,5,8,0,0,Reach RS4,824337343DD29B56,Edward Forbes e.r.forbes@icloud.com
160,,,551811.173,6824333.700,247.594,,9.97484009,61.54905564,247.594,Global,"3,4",0.012,0.012,0.012,0.017,1.895,m,FIX,RTK,2026-07-04 16:22:17.4 UTC+02:00,2026-07-04 16:22:17.4 UTC+02:00,1,1.7,2.0,551823.716,6824349.638,252.937,9.97508054,61.54919701,252.937,20.649,CPOSRTCM32,ETRS89 / UTM zone 32N,5,5,7,0,0,Reach RS4,824337343DD29B56,Edward Forbes e.r.forbes@icloud.com
161,,,551810.657,6824333.650,247.602,,9.97483037,61.54905526,247.602,Global,"5,1",0.012,0.012,0.013,0.017,1.895,m,FIX,RTK,2026-07-04 16:22:19.8 UTC+02:00,2026-07-04 16:22:19.8 UTC+02:00,1,1.7,2.0,551823.716,6824349.638,252.937,9.97508054,61.54919701,252.937,20.919,CPOSRTCM32,ETRS89 / UTM zone 32N,5,5,7,0,0,Reach RS4,824337343DD29B56,Edward Forbes e.r.forbes@icloud.com
162,,,551810.833,6824335.956,247.954,,9.97483433,61.54907593,247.954,Global,"8,8",0.013,0.013,0.013,0.018,1.895,m,FIX,RTK,2026-07-04 16:22:25.0 UTC+02:00,2026-07-04 16:22:25.0 UTC+02:00,1,1.7,2.0,551823.716,6824349.638,252.937,9.97508054,61.54919701,252.937,19.252,CPOSRTCM32,ETRS89 / UTM zone 32N,5,5,7,0,0,Reach RS4,824337343DD29B56,Edward Forbes e.r.forbes@icloud.com
163,,,551809.719,6824335.836,247.962,,9.97481334,61.54907501,247.962,Global,"7,2",0.013,0.013,0.016,0.018,1.895,m,FIX,RTK,2026-07-04 16:22:31.4 UTC+02:00,2026-07-04 16:22:31.4 UTC+02:00,1,1.8,2.1,551823.716,6824349.638,252.937,9.97508054,61.54919701,252.937,20.008,CPOSRTCM32,ETRS89 / UTM zone 32N,5,5,7,0,0,Reach RS4,824337343DD29B56,Edward Forbes e.r.forbes@icloud.com
164,,,551798.595,6824334.770,248.535,,9.97460377,61.54906693,248.535,Global,"9,7",0.013,0.013,0.013,0.018,1.895,m,FIX,RTK,2026-07-04 16:23:12.8 UTC+02:00,2026-07-04 16:23:12.8 UTC+02:00,1,1.7,2.0,551823.716,6824349.638,252.937,9.97508054,61.54919701,252.937,29.280,CPOSRTCM32,ETRS89 / UTM zone 32N,5,5,7,0,0,Reach RS4,824337343DD29B56,Edward Forbes e.r.forbes@icloud.com
165,,,551796.955,6824334.802,248.663,,9.97457292,61.54906744,248.663,Global,"7,0",0.013,0.013,0.014,0.018,1.895,m,FIX,RTK,2026-07-04 16:23:20.4 UTC+02:00,2026-07-04 16:23:20.4 UTC+02:00,1,1.7,2.0,551823.716,6824349.638,252.937,9.97508054,61.54919701,252.937,30.640,CPOSRTCM32,ETRS89 / UTM zone 32N,5,5,7,0,0,Reach RS4,824337343DD29B56,Edward Forbes e.r.forbes@icloud.com
166,,,551796.867,6824335.198,248.726,,9.97457138,61.54907101,248.726,Global,"8,2",0.014,0.014,0.014,0.020,1.895,m,FIX,RTK,2026-07-04 16:23:22.8 UTC+02:00,2026-07-04 16:23:22.8 UTC+02:00,1,1.7,2.0,551823.716,6824349.638,252.937,9.97508054,61.54919701,252.937,30.639,CPOSRTCM32,ETRS89 / UTM zone 32N,5,5,7,0,0,Reach RS4,824337343DD29B56,Edward Forbes e.r.forbes@icloud.com
167,,,551796.827,6824335.001,248.670,,9.97457058,61.54906924,248.670,Global,"4,9",0.013,0.013,0.013,0.018,1.895,m,FIX,RTK,2026-07-04 16:23:25.0 UTC+02:00,2026-07-04 16:23:25.0 UTC+02:00,1,1.7,2.0,551823.716,6824349.638,252.937,9.97508054,61.54919701,252.937,30.661,CPOSRTCM32,ETRS89 / UTM zone 32N,5,5,7,0,0,Reach RS4,824337343DD29B56,Edward Forbes e.r.forbes@icloud.com
168,,,551796.218,6824334.954,248.712,,9.97455911,61.54906890,248.712,Global,"6,9",0.012,0.012,0.014,0.018,1.895,m,FIX,RTK,2026-07-04 16:23:29.0 UTC+02:00,2026-07-04 16:23:29.0 UTC+02:00,1,1.7,2.0,551823.716,6824349.638,252.937,9.97508054,61.54919701,252.937,31.263,CPOSRTCM32,ETRS89 / UTM zone 32N,5,5,7,0,0,Reach RS4,824337343DD29B56,Edward Forbes e.r.forbes@icloud.com
169,,,551796.010,6824335.317,248.781,,9.97455529,61.54907219,248.781,Global,"14,5",0.016,0.016,0.019,0.022,1.895,m,FIX,RTK,2026-07-04 16:23:31.0 UTC+02:00,2026-07-04 16:23:31.0 UTC+02:00,1,1.7,2.0,551823.716,6824349.638,252.937,9.97508054,61.54919701,252.937,31.332,CPOSRTCM32,ETRS89 / UTM zone 32N,5,5,7,0,0,Reach RS4,824337343DD29B56,Edward Forbes e.r.forbes@icloud.com
170,,,551795.308,6824335.255,248.844,,9.97454206,61.54907173,248.844,Global,"9,4",0.013,0.013,0.013,0.018,1.895,m,FIX,RTK,2026-07-04 16:23:34.2 UTC+02:00,2026-07-04 16:23:34.2 UTC+02:00,1,1.7,2.0,551823.716,6824349.638,252.937,9.97508054,61.54919701,252.937,31.880,CPOSRTCM32,ETRS89 / UTM zone 32N,5,5,7,0,0,Reach RS4,824337343DD29B56,Edward Forbes e.r.forbes@icloud.com
171,,,551794.982,6824335.399,248.880,,9.97453599,61.54907306,248.880,Global,"12,3",0.017,0.017,0.017,0.024,1.895,m,FIX,RTK,2026-07-04 16:23:37.6 UTC+02:00,2026-07-04 16:23:37.6 UTC+02:00,1,1.7,2.0,551823.716,6824349.638,252.937,9.97508054,61.54919701,252.937,32.158,CPOSRTCM32,ETRS89 / UTM zone 32N,5,5,7,0,0,Reach RS4,824337343DD29B56,Edward Forbes e.r.forbes@icloud.com
172,,,551808.247,6824333.309,247.753,,9.97478494,61.54905253,247.753,Global,"6,7",0.013,0.013,0.015,0.019,1.895,m,FIX,RTK,2026-07-04 16:24:59.4 UTC+02:00,2026-07-04 16:24:59.4 UTC+02:00,1,1.7,2.0,551823.716,6824349.638,252.937,9.97508054,61.54919701,252.937,22.948,CPOSRTCM32,ETRS89 / UTM zone 32N,5,5,7,0,0,Reach RS4,824337343DD29B56,Edward Forbes e.r.forbes@icloud.com
173,,,551809.551,6824332.907,247.599,,9.97480936,61.54904874,247.599,Global,"2,4",0.012,0.012,0.012,0.017,1.895,m,FIX,RTK,2026-07-04 16:25:03.4 UTC+02:00,2026-07-04 16:25:03.4 UTC+02:00,1,1.7,2.0,551823.716,6824349.638,252.937,9.97508054,61.54919701,252.937,22.239,CPOSRTCM32,ETRS89 / UTM zone 32N,5,5,7,0,0,Reach RS4,824337343DD29B56,Edward Forbes e.r.forbes@icloud.com
174,,,551810.928,6824333.359,247.604,,9.97483538,61.54905261,247.604,Global,"7,2",0.013,0.013,0.017,0.018,1.895,m,FIX,RTK,2026-07-04 16:25:16.0 UTC+02:00,2026-07-04 16:25:16.0 UTC+02:00,1,1.7,2.0,551823.716,6824349.638,252.937,9.97508054,61.54919701,252.937,21.193,CPOSRTCM32,ETRS89 / UTM zone 32N,5,5,7,0,0,Reach RS4,824337343DD29B56,Edward Forbes e.r.forbes@icloud.com
175,,,551810.622,6824333.152,247.583,,9.97482957,61.54905079,247.583,Global,"4,1",0.012,0.012,0.013,0.017,1.895,m,FIX,RTK,2026-07-04 16:25:19.2 UTC+02:00,2026-07-04 16:25:19.2 UTC+02:00,1,1.7,2.0,551823.716,6824349.638,252.937,9.97508054,61.54919701,252.937,21.397,CPOSRTCM32,ETRS89 / UTM zone 32N,5,5,7,0,0,Reach RS4,824337343DD29B56,Edward Forbes e.r.forbes@icloud.com
176,,,551810.593,6824332.994,247.554,,9.97482898,61.54904938,247.554,Global,"5,8",0.012,0.012,0.014,0.018,1.895,m,FIX,RTK,2026-07-04 16:25:21.4 UTC+02:00,2026-07-04 16:25:21.4 UTC+02:00,1,1.7,2.0,551823.716,6824349.638,252.937,9.97508054,61.54919701,252.937,21.616,CPOSRTCM32,ETRS89 / UTM zone 32N,5,5,7,0,0,Reach RS4,824337343DD29B56,Edward Forbes e.r.forbes@icloud.com
177,,,551811.098,6824333.277,247.585,,9.97483856,61.54905185,247.585,Global,"7,0",0.013,0.013,0.014,0.018,1.895,m,FIX,RTK,2026-07-04 16:25:27.6 UTC+02:00,2026-07-04 16:25:27.6 UTC+02:00,1,1.7,2.0,551823.716,6824349.638,252.937,9.97508054,61.54919701,252.937,21.168,CPOSRTCM32,ETRS89 / UTM zone 32N,5,5,7,0,0,Reach RS4,824337343DD29B56,Edward Forbes e.r.forbes@icloud.com
178,,,551818.230,6824333.367,247.343,,9.97497275,61.54905170,247.343,Global,"7,3",0.013,0.013,0.013,0.018,1.895,m,FIX,RTK,2026-07-04 16:25:57.4 UTC+02:00,2026-07-04 16:25:57.4 UTC+02:00,1,1.7,2.0,551823.716,6824349.638,252.937,9.97508054,61.54919701,252.937,17.810,CPOSRTCM32,ETRS89 / UTM zone 32N,5,5,7,0,0,Reach RS4,824337343DD29B56,Edward Forbes e.r.forbes@icloud.com
179,,,551817.710,6824333.270,247.352,,9.97496294,61.54905090,247.352,Global,"8,1",0.013,0.013,0.014,0.018,1.895,m,FIX,RTK,2026-07-04 16:26:00.6 UTC+02:00,2026-07-04 16:26:00.6 UTC+02:00,1,1.7,2.0,551823.716,6824349.638,252.937,9.97508054,61.54919701,252.937,18.036,CPOSRTCM32,ETRS89 / UTM zone 32N,5,5,7,0,0,Reach RS4,824337343DD29B56,Edward Forbes e.r.forbes@icloud.com
180,,,551818.545,6824333.359,247.362,,9.97497867,61.54905159,247.362,Global,"7,3",0.013,0.013,0.015,0.018,1.895,m,FIX,RTK,2026-07-04 16:26:05.8 UTC+02:00,2026-07-04 16:26:05.8 UTC+02:00,1,1.7,2.0,551823.716,6824349.638,252.937,9.97508054,61.54919701,252.937,17.718,CPOSRTCM32,ETRS89 / UTM zone 32N,5,5,7,0,0,Reach RS4,824337343DD29B56,Edward Forbes e.r.forbes@icloud.com
181,,,551813.408,6824329.572,247.017,,9.97488097,61.54901829,247.017,Global,"4,2",0.012,0.012,0.012,0.018,1.895,m,FIX,RTK,2026-07-04 16:28:33.6 UTC+02:00,2026-07-04 16:28:33.6 UTC+02:00,1,1.5,1.7,551823.716,6824349.638,252.937,9.97508054,61.54919701,252.937,22.821,CPOSRTCM32,ETRS89 / UTM zone 32N,5,6,7,0,0,Reach RS4,824337343DD29B56,Edward Forbes e.r.forbes@icloud.com
182,,,551812.300,6824328.314,246.904,,9.97485978,61.54900714,246.904,Global,"1,3",0.012,0.012,0.011,0.017,1.895,m,FIX,RTK,2026-07-04 16:28:45.8 UTC+02:00,2026-07-04 16:28:45.8 UTC+02:00,1,1.5,1.7,551823.716,6824349.638,252.937,9.97508054,61.54919701,252.937,24.507,CPOSRTCM32,ETRS89 / UTM zone 32N,5,6,7,0,0,Reach RS4,824337343DD29B56,Edward Forbes e.r.forbes@icloud.com
183,,,551812.101,6824328.274,246.926,,9.97485603,61.54900681,246.926,Global,"5,5",0.012,0.012,0.012,0.018,1.895,m,FIX,RTK,2026-07-04 16:28:49.0 UTC+02:00,2026-07-04 16:28:49.0 UTC+02:00,1,1.5,1.7,551823.716,6824349.638,252.937,9.97508054,61.54919701,252.937,24.537,CPOSRTCM32,ETRS89 / UTM zone 32N,5,6,7,0,0,Reach RS4,824337343DD29B56,Edward Forbes e.r.forbes@icloud.com
184,,,551812.232,6824328.740,246.970,,9.97485862,61.54901098,246.970,Global,"7,5",0.013,0.013,0.013,0.018,1.895,m,FIX,RTK,2026-07-04 16:28:52.2 UTC+02:00,2026-07-04 16:28:52.2 UTC+02:00,1,1.5,1.7,551823.716,6824349.638,252.937,9.97508054,61.54919701,252.937,24.426,CPOSRTCM32,ETRS89 / UTM zone 32N,5,6,7,0,0,Reach RS4,824337343DD29B56,Edward Forbes e.r.forbes@icloud.com
185,,,551811.717,6824328.574,246.943,,9.97484888,61.54900956,246.943,Global,"7,9",0.013,0.013,0.013,0.018,1.895,m,FIX,RTK,2026-07-04 16:28:55.8 UTC+02:00,2026-07-04 16:28:55.8 UTC+02:00,1,1.5,1.7,551823.716,6824349.638,252.937,9.97508054,61.54919701,252.937,24.593,CPOSRTCM32,ETRS89 / UTM zone 32N,5,6,7,0,0,Reach RS4,824337343DD29B56,Edward Forbes e.r.forbes@icloud.com
186,,,551811.503,6824328.758,246.988,,9.97484490,61.54901124,246.988,Global,"11,8",0.013,0.013,0.014,0.019,1.895,m,FIX,RTK,2026-07-04 16:28:58.8 UTC+02:00,2026-07-04 16:28:58.8 UTC+02:00,1,1.5,1.7,551823.716,6824349.638,252.937,9.97508054,61.54919701,252.937,24.526,CPOSRTCM32,ETRS89 / UTM zone 32N,5,6,7,0,0,Reach RS4,824337343DD29B56,Edward Forbes e.r.forbes@icloud.com
187,,,551811.278,6824328.210,246.946,,9.97484052,61.54900635,246.946,Global,"8,6",0.013,0.013,0.013,0.018,1.895,m,FIX,RTK,2026-07-04 16:29:03.2 UTC+02:00,2026-07-04 16:29:03.2 UTC+02:00,1,1.5,1.7,551823.716,6824349.638,252.937,9.97508054,61.54919701,252.937,24.885,CPOSRTCM32,ETRS89 / UTM zone 32N,5,6,7,0,0,Reach RS4,824337343DD29B56,Edward Forbes e.r.forbes@icloud.com
188,,,551810.794,6824328.730,247.006,,9.97483157,61.54901108,247.006,Global,"7,0",0.013,0.013,0.013,0.018,1.895,m,FIX,RTK,2026-07-04 16:29:07.6 UTC+02:00,2026-07-04 16:29:07.6 UTC+02:00,1,1.5,1.7,551823.716,6824349.638,252.937,9.97508054,61.54919701,252.937,24.880,CPOSRTCM32,ETRS89 / UTM zone 32N,5,6,7,0,0,Reach RS4,824337343DD29B56,Edward Forbes e.r.forbes@icloud.com
189,,,551810.262,6824328.363,246.987,,9.97482144,61.54900786,246.987,Global,"13,5",0.013,0.013,0.014,0.019,1.895,m,FIX,RTK,2026-07-04 16:29:16.8 UTC+02:00,2026-07-04 16:29:16.8 UTC+02:00,1,1.5,1.7,551823.716,6824349.638,252.937,9.97508054,61.54919701,252.937,25.174,CPOSRTCM32,ETRS89 / UTM zone 32N,5,6,7,0,0,Reach RS4,824337343DD29B56,Edward Forbes e.r.forbes@icloud.com
190,,,551803.737,6824330.603,247.718,,9.97469933,61.54902884,247.718,Global,"10,4",0.013,0.013,0.014,0.019,1.895,m,FIX,RTK,2026-07-04 16:30:09.0 UTC+02:00,2026-07-04 16:30:09.0 UTC+02:00,1,1.5,1.7,551823.716,6824349.638,252.937,9.97508054,61.54919701,252.937,27.779,CPOSRTCM32,ETRS89 / UTM zone 32N,5,6,7,0,0,Reach RS4,824337343DD29B56,Edward Forbes e.r.forbes@icloud.com
191,,,551802.238,6824328.132,247.537,,9.97467043,61.54900686,247.537,Global,"7,4",0.013,0.013,0.013,0.018,1.895,m,FIX,RTK,2026-07-04 16:30:19.8 UTC+02:00,2026-07-04 16:30:19.8 UTC+02:00,1,1.5,1.7,551823.716,6824349.638,252.937,9.97508054,61.54919701,252.937,30.365,CPOSRTCM32,ETRS89 / UTM zone 32N,5,6,7,0,0,Reach RS4,824337343DD29B56,Edward Forbes e.r.forbes@icloud.com
192,,,551795.394,6824327.663,247.973,,9.97454156,61.54900358,247.973,Global,"3,6",0.012,0.012,0.012,0.017,1.895,m,FIX,RTK,2026-07-04 16:31:55.2 UTC+02:00,2026-07-04 16:31:55.2 UTC+02:00,1,1.5,1.8,551798.940,6824329.051,249.724,9.97460866,61.54901556,249.724,3.903,CPOSRTCM32,ETRS89 / UTM zone 32N,5,6,7,0,0,Reach RS4,824337343DD29B56,Edward Forbes e.r.forbes@icloud.com
193,,,551806.910,6824327.989,247.161,,9.97475828,61.54900495,247.161,Global,"13,3",0.014,0.014,0.015,0.020,1.895,m,FIX,RTK,2026-07-04 16:33:06.8 UTC+02:00,2026-07-04 16:33:06.8 UTC+02:00,1,1.5,1.8,551798.940,6824329.051,249.724,9.97460866,61.54901556,249.724,8.191,CPOSRTCM32,ETRS89 / UTM zone 32N,5,6,7,0,0,Reach RS4,824337343DD29B56,Edward Forbes e.r.forbes@icloud.com
194,,,551809.670,6824328.113,246.996,,9.97481024,61.54900570,246.996,Global,"7,7",0.013,0.013,0.013,0.019,1.895,m,FIX,RTK,2026-07-04 16:33:25.0 UTC+02:00,2026-07-04 16:33:25.0 UTC+02:00,1,1.5,1.8,551798.940,6824329.051,249.724,9.97460866,61.54901556,249.724,10.697,CPOSRTCM32,ETRS89 / UTM zone 32N,4,6,7,0,0,Reach RS4,824337343DD29B56,Edward Forbes e.r.forbes@icloud.com
195,,,551809.426,6824326.234,246.772,,9.97480513,61.54898886,246.772,Global,"4,4",0.013,0.013,0.012,0.018,1.895,m,FIX,RTK,2026-07-04 16:33:30.8 UTC+02:00,2026-07-04 16:33:30.8 UTC+02:00,1,1.5,1.8,551798.940,6824329.051,249.724,9.97460866,61.54901556,249.724,10.959,CPOSRTCM32,ETRS89 / UTM zone 32N,4,6,7,0,0,Reach RS4,824337343DD29B56,Edward Forbes e.r.forbes@icloud.com
196,,,551810.665,6824326.589,246.770,,9.97482852,61.54899188,246.770,Global,"5,8",0.013,0.013,0.013,0.018,1.895,m,FIX,RTK,2026-07-04 16:33:36.8 UTC+02:00,2026-07-04 16:33:36.8 UTC+02:00,1,1.5,1.8,551798.940,6824329.051,249.724,9.97460866,61.54901556,249.724,11.857,CPOSRTCM32,ETRS89 / UTM zone 32N,4,6,7,0,0,Reach RS4,824337343DD29B56,Edward Forbes e.r.forbes@icloud.com
197,,,551811.363,6824327.950,246.884,,9.97484205,61.54900401,246.884,Global,"13,8",0.014,0.014,0.016,0.020,1.895,m,FIX,RTK,2026-07-04 16:33:44.6 UTC+02:00,2026-07-04 16:33:44.6 UTC+02:00,1,1.6,1.9,551798.940,6824329.051,249.724,9.97460866,61.54901556,249.724,12.303,CPOSRTCM32,ETRS89 / UTM zone 32N,4,6,7,0,0,Reach RS4,824337343DD29B56,Edward Forbes e.r.forbes@icloud.com
198,,,551811.628,6824327.832,246.857,,9.97484699,61.54900291,246.857,Global,"13,1",0.014,0.014,0.016,0.019,1.895,m,FIX,RTK,2026-07-04 16:33:50.0 UTC+02:00,2026-07-04 16:33:50.0 UTC+02:00,1,1.6,1.9,551798.940,6824329.051,249.724,9.97460866,61.54901556,249.724,12.599,CPOSRTCM32,ETRS89 / UTM zone 32N,4,6,7,0,0,Reach RS4,824337343DD29B56,Edward Forbes e.r.forbes@icloud.com
199,,,551811.680,6824327.527,246.812,,9.97484789,61.54900016,246.812,Global,"9,7",0.014,0.014,0.015,0.019,1.895,m,FIX,RTK,2026-07-04 16:33:53.0 UTC+02:00,2026-07-04 16:33:53.0 UTC+02:00,1,1.6,1.9,551798.940,6824329.051,249.724,9.97460866,61.54901556,249.724,12.619,CPOSRTCM32,ETRS89 / UTM zone 32N,4,6,7,0,0,Reach RS4,824337343DD29B56,Edward Forbes e.r.forbes@icloud.com
200,,,551813.049,6824327.875,246.835,,9.97487374,61.54900310,246.835,Global,"10,4",0.014,0.014,0.014,0.020,1.895,m,FIX,RTK,2026-07-04 16:34:06.0 UTC+02:00,2026-07-04 16:34:06.0 UTC+02:00,1,1.6,1.9,551798.940,6824329.051,249.724,9.97460866,61.54901556,249.724,14.098,CPOSRTCM32,ETRS89 / UTM zone 32N,4,6,7,0,0,Reach RS4,824337343DD29B56,Edward Forbes e.r.forbes@icloud.com
201,,,551822.712,6824324.799,246.021,,9.97505465,61.54897420,246.021,Global,"8,6",0.013,0.013,0.013,0.019,1.895,m,FIX,RTK,2026-07-04 16:35:23.6 UTC+02:00,2026-07-04 16:35:23.6 UTC+02:00,1,1.5,1.8,551798.940,6824329.051,249.724,9.97460866,61.54901556,249.724,24.482,CPOSRTCM32,ETRS89 / UTM zone 32N,4,6,7,0,0,Reach RS4,824337343DD29B56,Edward Forbes e.r.forbes@icloud.com
202,,,551812.917,6824324.660,246.427,,9.97487034,61.54897426,246.427,Global,"7,4",0.013,0.013,0.013,0.018,1.895,m,FIX,RTK,2026-07-04 16:36:26.6 UTC+02:00,2026-07-04 16:36:26.6 UTC+02:00,1,1.5,1.8,551798.940,6824329.051,249.724,9.97460866,61.54901556,249.724,14.935,CPOSRTCM32,ETRS89 / UTM zone 32N,4,6,7,0,0,Reach RS4,824337343DD29B56,Edward Forbes e.r.forbes@icloud.com
203,,,551812.455,6824324.842,246.460,,9.97486170,61.54897596,246.460,Global,"6,6",0.013,0.013,0.013,0.018,1.895,m,FIX,RTK,2026-07-04 16:36:33.6 UTC+02:00,2026-07-04 16:36:33.6 UTC+02:00,1,1.5,1.8,551798.940,6824329.051,249.724,9.97460866,61.54901556,249.724,14.435,CPOSRTCM32,ETRS89 / UTM zone 32N,4,6,7,0,0,Reach RS4,824337343DD29B56,Edward Forbes e.r.forbes@icloud.com
204,,,551811.463,6824325.406,246.565,,9.97484320,61.54898115,246.565,Global,"9,5",0.013,0.013,0.013,0.019,1.895,m,FIX,RTK,2026-07-04 16:36:39.0 UTC+02:00,2026-07-04 16:36:39.0 UTC+02:00,1,1.6,1.9,551798.940,6824329.051,249.724,9.97460866,61.54901556,249.724,13.411,CPOSRTCM32,ETRS89 / UTM zone 32N,4,6,7,0,0,Reach RS4,824337343DD29B56,Edward Forbes e.r.forbes@icloud.com
205,,,551811.837,6824325.414,246.552,,9.97485024,61.54898118,246.552,Global,"5,0",0.013,0.013,0.012,0.018,1.895,m,FIX,RTK,2026-07-04 16:36:43.8 UTC+02:00,2026-07-04 16:36:43.8 UTC+02:00,1,1.6,1.9,551798.940,6824329.051,249.724,9.97460866,61.54901556,249.724,13.597,CPOSRTCM32,ETRS89 / UTM zone 32N,4,6,7,0,0,Reach RS4,824337343DD29B56,Edward Forbes e.r.forbes@icloud.com
206,,,551811.384,6824324.902,246.524,,9.97484158,61.54897665,246.524,Global,"3,0",0.012,0.012,0.011,0.017,1.895,m,FIX,RTK,2026-07-04 16:36:52.4 UTC+02:00,2026-07-04 16:36:52.4 UTC+02:00,1,1.6,1.9,551798.940,6824329.051,249.724,9.97460866,61.54901556,249.724,13.280,CPOSRTCM32,ETRS89 / UTM zone 32N,4,6,7,0,0,Reach RS4,824337343DD29B56,Edward Forbes e.r.forbes@icloud.com
207,,,551799.847,6824320.585,246.864,,9.97462334,61.54893944,246.864,Global,"2,6",0.013,0.013,0.012,0.018,1.895,m,FIX,RTK,2026-07-04 16:40:07.6 UTC+02:00,2026-07-04 16:40:07.6 UTC+02:00,1,1.6,1.8,551798.940,6824329.051,249.724,9.97460866,61.54901556,249.724,8.644,CPOSRTCM32,ETRS89 / UTM zone 32N,4,6,7,0,0,Reach RS4,824337343DD29B56,Edward Forbes e.r.forbes@icloud.com
